term_id,name,slug,term_group,term_taxonomy_id,term_id,taxonomy,description,parent,count,Note,Map to,Map to ID
428,1 to 3 Hours,1-to-3-hours,0,428,428,post_tag,,0,1,AR Attribute,,
560,3 to 8 Hours,3-to-8-hours,0,560,560,post_tag,,0,0,AR Attribute,,
705,30 Minutes to 1 Hour,30-minutes-to-1-hour,0,705,705,post_tag,,0,3,AR Attribute,,
608,5 to 30 Minutes,5-to-30-minutes,0,608,608,post_tag,,0,6,AR Attribute,,
566,Acorn Squash,acorn-squash,0,566,566,post_tag,,0,6,AR Attribute,,
865,Advice,advice,0,865,865,ar_ad_channel,,0,838,AR Attribute,,
141828,Alcohol,alcohol,0,141824,141828,post_tag,,0,1,Map,Alcoholic Beverages,503
503,Alcoholic Beverages,alcoholic-beverages,0,503,503,post_tag,,0,73,AR Attribute,,
142468,alcoholic punch,alcoholic-punch,0,142464,142468,post_tag,,0,1,AR Attribute,,
948,alcoholic punch/sangria,alcoholic-punchsangria,0,948,948,post_tag,,0,2,AR Attribute,,
801,Alfredo Pasta Sauce,alfredo-pasta-sauce,0,801,801,post_tag,,0,1,AR Attribute,,
1138,allergies,allergies,0,1138,1138,post_tag,,0,1,AR Attribute,,
8509,allspice,allspice,0,8509,8509,post_tag,,0,1,AR Attribute,,
763,Almonds,almonds,0,763,763,post_tag,,0,3,AR Attribute,,
229502,angel hair pasta,angel-hair-pasta,0,229498,229502,post_tag,,0,0,AR Attribute,,
127792,aperitifs,aperitifs,0,127788,127792,post_tag,,0,1,AR Attribute,,
18531,appetizer,appetizer,0,18531,18531,post_tag,,0,5,Map,appetizers,104
691,Appetizer Meatballs,appetizer-meatballs,0,691,691,post_tag,,0,3,AR Attribute,,
104,appetizers,appetizers,0,104,104,post_tag,,0,59,AR Attribute,,
866,Appetizers/Snacks,appetizers-snacks,0,866,866,ar_ad_channel,,0,120,AR Attribute,,
14052,apple,apple,0,14052,14052,post_tag,,0,7,AR Attribute,,
511,Apple Pie,apple-pie,0,511,511,post_tag,,0,7,AR Attribute,,
572,Apples,apples,0,572,572,post_tag,,0,9,Map,apple,14052
95237,applesauce,applesauce,0,95233,95237,post_tag,,0,1,AR Attribute,,
103137,appliances,appliances,0,103133,103137,post_tag,,0,4,AR Attribute,,
654,apricot,apricot,0,654,654,post_tag,,0,1,AR Attribute,,
268,April Fools,april-fools,0,268,268,post_tag,,0,3,AR Attribute,,
668,Arborio Rice,arborio-rice,0,668,668,post_tag,,0,1,AR Attribute,,
207940,Argentina,argentina,0,207936,207940,post_tag,,0,1,AR Attribute,,
601,Artichoke,artichoke,0,601,601,post_tag,,0,2,AR Attribute,,
45567,artichokes,artichokes,0,45563,45567,post_tag,,0,2,Map,Artichoke,601
671,Arugula,arugula,0,671,671,post_tag,,0,3,AR Attribute,,
77895,Asia,asia,0,77891,77895,post_tag,,0,2,AR Attribute,,
867,Asian,asian,0,867,867,ar_ad_channel,,0,36,AR Attribute,,
622,Asian,asian,0,622,622,post_tag,,0,4,map,asian inspired,358
358,Asian Inspired,asian-inspired,0,358,358,post_tag,,0,22,AR Attribute,,
359,Asian Noodles,asian-noodles,0,359,359,post_tag,,0,7,AR Attribute,,
404,Asparagus,asparagus,0,404,404,post_tag,,0,8,AR Attribute,,
133674,au gratin potatoes,au-gratin-potatoes,0,133670,133674,post_tag,,0,1,AR Attribute,,
219868,Australia,australia,0,219864,219868,post_tag,,0,1,AR Attribute,,
414,Autumn,autumn,0,414,414,post_tag,,0,27,AR Attribute,,
298,Avocado,avocado,0,298,298,post_tag,,0,10,AR Attribute,,
51570,baby shower,baby-shower,0,51566,51570,post_tag,,0,4,AR Attribute,,
722,bachelorette party,bachelorette-party,0,722,722,post_tag,,0,2,AR Attribute,,
679,Back to School,back-to-school,0,679,679,post_tag,,0,10,AR Attribute,,
105,bacon,bacon,0,105,105,post_tag,,0,19,Map,Bacon (Pork),758
758,Bacon (Pork),bacon-pork,0,758,758,post_tag,,0,4,AR Attribute,,
1111,bagels,bagels,0,1111,1111,post_tag,,0,4,AR Attribute,,
8520,Baguette,baguette,0,8520,8520,post_tag,,0,2,map,yeast breads,229489
29474,bake,bake,0,29470,29474,post_tag,,0,2,Map,Baked,416
931,Bake Sale,bake-sale,0,931,931,post_tag,,0,4,AR Attribute,,
416,Baked,baked,0,416,416,post_tag,,0,46,AR Attribute,,
263,baked goods,baked-goods,0,263,263,post_tag,,0,27,AR Attribute,,
1128,baked potatoes,baked-potatoes,0,1128,1128,post_tag,,0,7,AR Attribute,,
81723,baked-chicken,baked-chicken,0,81719,81723,post_tag,,0,3,Map,Poultry Baked Chicken,694
207,Bakeware,bakeware,0,207,207,post_tag,,0,5,AR Attribute,,
759,Bakeware/Muffin Pan,bakewaremuffin-pan,0,759,759,post_tag,,0,5,AR Attribute,,
754,Bakeware/Roasting Pan,bakewareroasting-pan,0,754,754,post_tag,,0,1,AR Attribute,,
792,Bakeware/Springform Pan (8 inch),bakewarespringform-pan-8-inch,0,792,792,post_tag,,0,0,AR Attribute,,
798,bakeware/tube pan (9 inch),bakewaretube-pan-9-inch,0,798,798,post_tag,,0,1,AR Attribute,,
438,Bakewear,bakewear,0,438,438,post_tag,,0,1,Map,Bakeware,207
209,Baking,baking,0,209,209,post_tag,,0,44,AR Attribute,,
775,Baking Crusts,baking-crusts,0,775,775,post_tag,,0,3,AR Attribute,,
221423,Baking Crusts/ Pizza Crusts,baking-crusts-pizza-crusts,0,221419,221423,post_tag,,0,0,Map,baking crusts/pizza crusts,229490
134238,baking crusts/crumb crusts,baking-crustscrumb-crusts,0,134234,134238,post_tag,,0,1,AR Attribute,,
489,Baking Crusts/Pie Crusts,baking-crustspie-crusts,0,489,489,post_tag,,0,6,AR Attribute,,
229494,baking crusts/pizza crusts,baking-crustspizza-crusts,0,229490,229494,post_tag,,0,1,AR Attribute,,
51611,balsami vinegar,balsami-vinegar,0,51607,51611,post_tag,,0,1,Map,Vinegar/Balsamic Vinegar,771
379,Banana,banana,0,379,379,post_tag,,0,8,AR Attribute,,
916,Banana Bread,banana-bread,0,916,916,post_tag,,0,3,AR Attribute,,
43914,banana-pudding,banana-pudding,0,43910,43914,post_tag,,0,2,Map,pudding,921
472,Bananas,bananas,0,472,472,post_tag,,0,1,Map,Banana,379
909,bar cookies,bar-cookies,0,909,909,post_tag,,0,4,AR Attribute,,
188,barbecue,barbecue,0,188,188,post_tag,,0,7,Map,BBQ,11
187,barbeque,barbeque,0,187,187,post_tag,,0,4,Map,BBQ,11
644,Barley,barley,0,644,644,post_tag,,0,3,AR Attribute,,
718,baseball,baseball,0,718,718,post_tag,,0,4,AR Attribute,,
845,Basil,basil,0,845,845,post_tag,,0,4,AR Attribute,,
1134,Bastille Day,bastille-day,0,1134,1134,post_tag,,0,1,AR Attribute,,
527,Battered or Breaded,battered-or-breaded,0,527,527,post_tag,,0,3,AR Attribute,,
8510,bay leaf,bay-leaf,0,8510,8510,post_tag,,0,1,AR Attribute,,
11,BBQ,bbq,0,11,11,post_tag,,0,17,AR Attribute,,
73,BBQ & Grilling,bbq-grilling,0,73,73,post_tag,,0,24,Map,Grilled,200
429,BBQ PARTY,bbq-party,0,429,429,post_tag,,0,18,AR Attribute,,
155,bbq sauce,bbq-sauce,0,155,155,post_tag,,0,2,Map,BBQ Sauces,621
621,BBQ Sauces,bbq-sauces,0,621,621,post_tag,,0,5,AR Attribute,,
868,BBQ/Grilling,bbq-grilling,0,868,868,ar_ad_channel,,0,57,AR Attribute,,
296,Beach Party,beach-party,0,296,296,post_tag,,0,3,AR Attribute,,
800,Bean and Legume Soups,bean-and-legume-soups,0,800,800,post_tag,,0,2,AR Attribute,,
420,Bean Salads,bean-salads,0,420,420,post_tag,,0,1,AR Attribute,,
369,Beans,beans,0,369,369,post_tag,,0,11,Map,Legumes,647
275,Beef,beef,0,275,275,post_tag,,0,31,AR Attribute,,
869,Beef - Main Dishes Only,beef-main-dishes-only,0,869,869,ar_ad_channel,,0,36,AR Attribute,,
463,Beef Brisket,beef-brisket,0,463,463,post_tag,,0,3,AR Attribute,,
773,Beef Flank,beef-flank,0,773,773,post_tag,,0,3,AR Attribute,,
147057,beef ribs,beef-ribs,0,147053,147057,post_tag,,0,0,AR Attribute,,
219866,beef round,beef-round,0,219862,219866,post_tag,,0,1,AR Attribute,,
219867,beef round/beef cube steak,beef-roundbeef-cube-steak,0,219863,219867,post_tag,,0,1,AR Attribute,,
739,Beef Sirloin,beef-sirloin,0,739,739,post_tag,,0,6,AR Attribute,,
723,Beef Stew,beef-stew,0,723,723,post_tag,,0,2,AR Attribute,,
768,Beef Stew Meat,beef-stew-meat,0,768,768,post_tag,,0,2,AR Attribute,,
684,Beef Tenderloin,beef-tenderloin,0,684,684,post_tag,,0,3,AR Attribute,,
807,Beer,beer,0,807,807,post_tag,,0,12,AR Attribute,,
555,Beer Drinks,beer-drinks,0,555,555,post_tag,,0,4,AR Attribute,,
1153,beet,beet,0,1153,1153,post_tag,,0,3,AR Attribute,,
1136,Beets,beets,0,1136,1136,post_tag,,0,2,Map,Beet,1153
214,Beginner,beginner,0,214,214,post_tag,,0,14,AR Attribute,,
470,Berries,berries,0,470,470,post_tag,,0,2,Map,Berry,593
593,Berry,berry,0,593,593,post_tag,,0,7,AR Attribute,,
870,Beverage - Alcoholic,beverage-alcoholic,0,870,870,ar_ad_channel,,0,149,AR Attribute,,
80,Beverage - Alcoholic,beverage-alcoholic,0,80,80,post_tag,,0,30,map,Beverage - Alcoholic,870
1096,Beverage - Non-alcoholic,beverage-non-alcoholic,0,1096,1096,ar_ad_channel,,0,38,AR Attribute,,
81,beverages,beverages,0,81,81,post_tag,,0,22,AR Attribute,,
215,Birthday Party,birthday-party,0,215,215,post_tag,,0,13,AR Attribute,,
858,Biscotti,biscotti,0,858,858,post_tag,,0,1,AR Attribute,,
213,Biscuits,biscuits,0,213,213,post_tag,,0,18,AR Attribute,,
107927,bitter flavor,bitter-flavor,0,107923,107927,post_tag,,0,2,AR Attribute,,
629,Black Bean,black-bean,0,629,629,post_tag,,0,4,AR Attribute,,
583,Blackberry,blackberry,0,583,583,post_tag,,0,1,AR Attribute,,
859,Blanched,blanched,0,859,859,post_tag,,0,1,AR Attribute,,
473,Blender,blender,0,473,473,post_tag,,0,8,AR Attribute,,
484,Block Party,block-party,0,484,484,post_tag,,0,1,AR Attribute,,
719,bloody marys,bloody-marys,0,719,719,post_tag,,0,3,AR Attribute,,
143153,blue cheese,blue-cheese,0,143149,143153,post_tag,,0,1,AR Attribute,,
14649,blueberries,blueberries,0,14649,14649,post_tag,,0,4,Map,Blueberry,426
426,Blueberry,blueberry,0,426,426,post_tag,,0,5,AR Attribute,,
569,Boiled,boiled,0,569,569,post_tag,,0,8,AR Attribute,,
536,Boiled Icings,boiled-icings,0,536,536,post_tag,,0,0,AR Attribute,,
207942,Bolivia,bolivia,0,207938,207942,post_tag,,0,1,AR Attribute,,
609,Boneless Chicken Breasts,boneless-chicken-breasts,0,609,609,post_tag,,0,10,AR Attribute,,
95608,book club party,book-club-party,0,95604,95608,post_tag,,0,2,AR Attribute,,
553,Bourbon,bourbon,0,553,553,post_tag,,0,5,AR Attribute,,
819,Braised,braised,0,819,819,post_tag,,0,2,AR Attribute,,
51554,bran,bran,0,51550,51554,post_tag,,0,1,AR Attribute,,
687,Brandy,brandy,0,687,687,post_tag,,0,1,AR Attribute,,
100966,brazil,brazil,0,100962,100966,post_tag,,0,2,AR Attribute,,
73381,Brazilian,brazilian,0,73377,73381,post_tag,,0,2,Map,Brazil,100962
123,bread,bread,0,123,123,post_tag,,0,29,AR Attribute,,
441,Bread Machine,bread-machine,0,441,441,post_tag,,0,3,AR Attribute,,
14053,bread pudding,bread-pudding,0,14053,14053,post_tag,,0,2,AR Attribute,,
815,Bread Rolls & Buns,bread-rolls-buns,0,815,815,post_tag,,0,6,AR Attribute,,
132788,breadcrumbs,breadcrumbs,0,132784,132788,post_tag,,0,0,AR Attribute,,
871,Breads,breads,0,871,871,ar_ad_channel,,0,40,AR Attribute,,
102,breads,breads,0,102,102,post_tag,,0,14,AR Attribute,,
174,breakfast,breakfast,0,174,174,post_tag,,0,77,AR Attribute,,
109,breakfast & brunch,breakfast-brunch,0,109,109,post_tag,,0,30,Map,breakfast,174
45574,breakfast casseroles,breakfast-casseroles,0,45570,45574,post_tag,,0,5,AR Attribute,,
738,breakfast egg dishes,breakfast-egg-dishes,0,738,738,post_tag,,0,14,AR Attribute,,
589,Breakfast Pancakes,breakfast-pancakes,0,589,589,post_tag,,0,12,AR Attribute,,
872,Breakfast/Brunch,breakfast-brunch,0,872,872,ar_ad_channel,,0,95,AR Attribute,,
956,Bridal Shower,bridal-shower,0,956,956,post_tag,,0,4,Map,Shower,443
813,Brines,brines,0,813,813,post_tag,,0,2,AR Attribute,,
430,Broccoli,broccoli,0,430,430,post_tag,,0,6,AR Attribute,,
13991,broccoli rabe,broccoli-rabe,0,13991,13991,post_tag,,0,0,AR Attribute,,
431,Broccoli Salad,broccoli-salad,0,431,431,post_tag,,0,1,AR Attribute,,
74,broiled,broiled,0,74,74,post_tag,,0,5,AR Attribute,,
914,Broth,broth,0,914,914,post_tag,,0,1,Map,Broth and Stock,501
501,Broth and Stock,broth-and-stock,0,501,501,post_tag,,0,8,AR Attribute,,
171862,Broth and Stocks,broth-and-stocks,0,171858,171862,post_tag,,0,1,Map,Broth and Stock,501
643,Brown Rice,brown-rice,0,643,643,post_tag,,0,3,AR Attribute,,
57938,brownie,brownie,0,57934,57938,post_tag,,0,2,Map,Brownies,389
95308,brownie mix in a jar,brownie-mix-in-a-jar,0,95304,95308,post_tag,,0,1,AR Attribute,,
389,Brownies,brownies,0,389,389,post_tag,,0,10,AR Attribute,,
175,brunch,brunch,0,175,175,post_tag,,0,51,AR Attribute,,
221217,brunchworthy,brunchworthy,0,221213,221217,post_tag,,0,9,Editorial Attribute,,
45394,bruschetta,bruschetta,0,45390,45394,post_tag,,0,1,AR Attribute,,
315,Brush,brush,0,315,315,post_tag,,0,1,AR Attribute,,
27457,Brussels Sprouts,brussels-sprouts,0,27453,27457,post_tag,,0,2,AR Attribute,,
761,Buckwheat,buckwheat,0,761,761,post_tag,,0,4,AR Attribute,,
218,Budget Conscious,budget-conscious,0,218,218,post_tag,,0,60,AR Attribute,,
746,budget consious,budget-consious,0,746,746,post_tag,,0,1,Map,Budget Conscious,218
405,Buffet,buffet,0,405,405,post_tag,,0,13,AR Attribute,,
39027,bugdet conscious,bugdet-conscious,0,39023,39027,post_tag,,0,1,Map,Budget Conscious,218
446,Bundt Cake,bundt-cake,0,446,446,post_tag,,0,2,AR Attribute,,
15549,burger,burger,0,15549,15549,post_tag,,0,3,Map,Burgers,498
498,Burgers,burgers,0,498,498,post_tag,,0,14,AR Attribute,,
638,Burritos,burritos,0,638,638,post_tag,,0,3,AR Attribute,,
316,Butter,butter,0,316,316,post_tag,,0,10,AR Attribute,,
525,Butter Cookies,butter-cookies,0,525,525,post_tag,,0,1,AR Attribute,,
18550,buttercream,buttercream,0,18550,18550,post_tag,,0,2,Map,dessert fillings & frostings,850
767,Buttermilk,buttermilk,0,767,767,post_tag,,0,2,AR Attribute,,
699,Butternut Squash,butternut-squash,0,699,699,post_tag,,0,7,AR Attribute,,
301,Cabbage,cabbage,0,301,301,post_tag,,0,12,AR Attribute,,
561,Cajun,cajun,0,561,561,post_tag,,0,1,Map,Cajun Cuisine,630
630,Cajun Cuisine,cajun-cuisine,0,630,630,post_tag,,0,6,AR Attribute,,
873,Cake,cake,0,873,873,ar_ad_channel,,0,46,AR Attribute,,
13,cake,cake,0,13,13,post_tag,,0,27,Map,Cake,873
287,Cake Decorating,cake-decorating,0,287,287,post_tag,,0,8,AR Attribute,,
1145,cake mix,cake-mix,0,1145,1145,post_tag,,0,2,AR Attribute,,
209289,Cake Mix Cake,cake-mix-cake,0,209285,209289,post_tag,,0,1,AR Attribute,,
118982,cake mix cookies,cake-mix-cookies,0,118978,118982,post_tag,,0,1,AR Attribute,,
141384,cake style,cake-style,0,141380,141384,post_tag,,0,1,AR Attribute,,
85,cakes,cakes,0,85,85,post_tag,,0,25,AR Attribute,,
693,Cakes & Patties,cakes-patties,0,693,693,post_tag,,0,2,AR Attribute,,
199,Campfire,campfire,0,199,199,post_tag,,0,3,AR Attribute,,
203,Camping,camping,0,203,203,post_tag,,0,6,AR Attribute,,
219,Campus Cooking,campus-cooking,0,219,219,post_tag,,0,10,AR Attribute,,
323,Canada,canada,0,323,323,post_tag,,0,2,AR Attribute,,
580,Candy,candy,0,580,580,post_tag,,0,26,AR Attribute,,
147060,candy caramels,candy-caramels,0,147056,147060,post_tag,,0,1,AR Attribute,,
528,Candy thermometer,candy-thermometer,0,528,528,post_tag,,0,2,map,thermometer,563
221421,canned chicken broth,canned-chicken-broth,0,221417,221421,post_tag,,0,1,AR Attribute,,
375,Canned Coconut Milk,canned-coconut-milk,0,375,375,post_tag,,0,1,AR Attribute,,
132954,canned foods,canned-foods,0,132950,132954,post_tag,,0,1,AR Attribute,,
823,Canned Fruit,canned-fruit,0,823,823,post_tag,,0,2,AR Attribute,,
95281,canned vegetables,canned-vegetables,0,95277,95281,post_tag,,0,1,AR Attribute,,
29477,canning,canning,0,29473,29477,post_tag,,0,2,Map,Canning and Preserving,454
454,Canning and Preserving,canning-and-preserving,0,454,454,post_tag,,0,2,AR Attribute,,
228,Cantaloupe,cantaloupe,0,228,228,post_tag,,0,1,AR Attribute,,
307,Capers,capers,0,307,307,post_tag,,0,2,AR Attribute,,
927,Caramel,caramel,0,927,927,post_tag,,0,8,AR Attribute,,
825,Carrot,carrot,0,825,825,post_tag,,0,4,AR Attribute,,
824,Carrot Cake,carrot-cake,0,824,824,post_tag,,0,3,AR Attribute,,
92057,cashews,cashews,0,92053,92057,post_tag,,0,1,AR Attribute,,
29489,casseole,casseole,0,29485,29489,post_tag,,0,1,Map,Main Dish Casseroles,455
18540,casserole,casserole,0,18540,18540,post_tag,,0,4,Map,Main Dish Casseroles,455
16052,casseroles,casseroles,0,16052,16052,post_tag,,0,5,Map,Main Dish Casseroles,455
197,Casual Entertaining,casual-entertaining,0,197,197,post_tag,,0,163,AR Attribute,,
83063,Catfish,catfish,0,83059,83063,post_tag,,0,1,AR Attribute,,
381,Cauliflower,cauliflower,0,381,381,post_tag,,0,7,AR Attribute,,
239,Caviar,caviar,0,239,239,post_tag,,0,2,AR Attribute,,
82058,celeriac,celeriac,0,82054,82058,post_tag,,0,2,AR Attribute,,
51530,celery,celery,0,51526,51530,post_tag,,0,2,AR Attribute,,
1130,Challah,challah,0,1130,1130,post_tag,,0,1,AR Attribute,,
701,Champagne,champagne,0,701,701,post_tag,,0,11,AR Attribute,,
8394,Chanterelle Mushrooms,chanterelle-mushrooms,0,8394,8394,post_tag,,0,1,AR Attribute,,
786,Chard,chard,0,786,786,post_tag,,0,4,AR Attribute,,
16051,cheddar,cheddar,0,16051,16051,post_tag,,0,1,Map,Cheddar Cheese,793
793,Cheddar Cheese,cheddar-cheese,0,793,793,post_tag,,0,7,AR Attribute,,
874,Cheese,cheese,0,874,874,ar_ad_channel,,0,15,AR Attribute,,
153,cheese,cheese,0,153,153,post_tag,,0,36,AR Attribute,,
396,Cheese Balls,cheese-balls,0,396,396,post_tag,,0,3,AR Attribute,,
198424,cheese bread,cheese-bread,0,198420,198424,post_tag,,0,1,AR Attribute,,
269,Cheese Sauce,cheese-sauce,0,269,269,post_tag,,0,1,AR Attribute,,
794,Cheese Soup,cheese-soup,0,794,794,post_tag,,0,1,AR Attribute,,
520,Cheesecake,cheesecake,0,520,520,post_tag,,0,11,AR Attribute,,
83520,cherries,cherries,0,83516,83520,post_tag,,0,1,Map,Cherry,253
253,Cherry,cherry,0,253,253,post_tag,,0,4,AR Attribute,,
14,chicken,chicken,0,14,14,post_tag,,0,68,AR Attribute,,
875,Chicken - Main Dishes Only,chicken-main-dishes-only,0,875,875,ar_ad_channel,,0,66,AR Attribute,,
586,Chicken Breasts,chicken-breasts,0,586,586,post_tag,,0,3,AR Attribute,,
219865,chicken drumsticks,chicken-drumsticks,0,219861,219865,post_tag,,0,1,AR Attribute,,
131,chicken main dishes,chicken-main-dishes,0,131,131,post_tag,,0,15,Map,Chicken - Main Dishes Only,875
836,Chicken Salad,chicken-salad,0,836,836,post_tag,,0,4,AR Attribute,,
934,Chicken Salads,chicken-salads,0,934,934,post_tag,,0,2,Map,Chicken Salad,836
861,Chicken Stock,chicken-stock,0,861,861,post_tag,,0,1,Map,Broth and Stock,501
863,Chicken Thigh,chicken-thigh,0,863,863,post_tag,,0,1,Map,Chicken thighs,1147
1147,chicken thighs,chicken-thighs,0,1147,1147,post_tag,,0,3,AR Attribute,,
14775,chicken wings,chicken-wings,0,14775,14775,post_tag,,0,6,AR Attribute,,
81843,chickpeas,chickpeas,0,81839,81843,post_tag,,0,2,Map,Garbanzo beans,81838
154,chili,chili,0,154,154,post_tag,,0,15,AR Attribute,,
134378,chili peppers,chili-peppers,0,134374,134378,post_tag,,0,1,Map,Peppers,1101
612,Chili Spices,chili-spices,0,612,612,post_tag,,0,3,AR Attribute,,
1121,China,china,0,1121,1121,post_tag,,0,3,AR Attribute,,
14777,Chinese,chinese,0,14777,14777,post_tag,,0,2,Map,China,1121
1084,Chive,chive,0,1084,1084,post_tag,,0,1,AR Attribute,,
142,chocolate,chocolate,0,142,142,post_tag,,0,37,AR Attribute,,
769,Chocolate Cake,chocolate-cake,0,769,769,post_tag,,0,5,AR Attribute,,
100170,chocolate candy,chocolate-candy,0,100166,100170,post_tag,,0,3,AR Attribute,,
146012,Chocolate Candy Bark,chocolate-candy-bark,0,146008,146012,post_tag,,0,2,AR Attribute,,
524,Chocolate Chip Cookies,chocolate-chip-cookies,0,524,524,post_tag,,0,4,AR Attribute,,
796,Chocolate Cookies,chocolate-cookies,0,796,796,post_tag,,0,3,AR Attribute,,
221205,Chocolate Desserts,chocolate-desserts,0,221201,221205,post_tag,,0,1,AR Attribute,,
692,Chowder,chowder,0,692,692,post_tag,,0,4,AR Attribute,,
31560,chrismas,chrismas,0,31556,31560,post_tag,,0,1,Map,Christmas,202
202,Christmas,christmas,0,202,202,post_tag,,0,64,AR Attribute,,
876,Christmas - Advice/Hubs,christmas-advice-hubs,0,876,876,ar_ad_channel,,0,18,AR Attribute,,
49691,chuck steak,chuck-steak,0,49687,49691,post_tag,,0,1,Map,Meat steaks,494
27465,chutney,chutney,0,27461,27465,post_tag,,0,2,AR Attribute,,
852,Cider,cider,0,852,852,post_tag,,0,3,AR Attribute,,
485,cilantro,cilantro,0,485,485,post_tag,,0,0,AR Attribute,,
640,Cinco de Mayo,cinco-de-mayo,0,640,640,post_tag,,0,13,AR Attribute,,
8511,cinnamon,cinnamon,0,8511,8511,post_tag,,0,1,AR Attribute,,
862,Cinnamon Rolls,cinnamon-rolls,0,862,862,post_tag,,0,6,AR Attribute,,
34584,citrus,citrus,0,34580,34584,post_tag,,0,2,AR Attribute,,
290,Clambake,clambake,0,290,290,post_tag,,0,4,AR Attribute,,
259,Clams,clams,0,259,259,post_tag,,0,2,AR Attribute,,
1178,clean eating,clean-eating,0,1178,1178,post_tag,,0,6,AR Attribute,,
681,Cleanup,cleanup,0,681,681,post_tag,,0,3,AR Attribute,,
8512,cloves,cloves,0,8512,8512,post_tag,,0,1,AR Attribute,,
1143,cobblers,cobblers,0,1143,1143,post_tag,,0,3,AR Attribute,,
39030,cocktail,cocktail,0,39026,39030,post_tag,,0,4,Map,cocktails,82
573,Cocktail Parties,cocktail-parties,0,573,573,post_tag,,0,21,Map,cocktail party,258
258,Cocktail party,cocktail-party,0,258,258,post_tag,,0,21,AR Attribute,,
587,Cocktail Shaker,cocktail-shaker,0,587,587,post_tag,,0,4,AR Attribute,,
82,cocktails,cocktails,0,82,82,post_tag,,0,50,AR Attribute,,
377,Coconut,coconut,0,377,377,post_tag,,0,6,AR Attribute,,
386,Coconut Oil,coconut-oil,0,386,386,post_tag,,0,3,AR Attribute,,
221209,cod,cod,0,221205,221209,post_tag,,0,1,AR Attribute,,
16,coffee,coffee,0,16,16,post_tag,,0,26,AR Attribute,,
142559,coffee cake,coffee-cake,0,142555,142559,post_tag,,0,2,AR Attribute,,
118,coffee drinks,coffee-drinks,0,118,118,post_tag,,0,10,AR Attribute,,
48871,coffee drinks with alcohol,coffee-drinks-with-alcohol,0,48867,48871,post_tag,,0,1,AR Attribute,,
123004,coffee drinks without alcohol,coffee-drinks-without-alcohol,0,123000,123004,post_tag,,0,1,AR Attribute,,
134387,coffee liqueur,coffee-liqueur,0,134383,134387,post_tag,,0,1,AR Attribute,,
812,Cola,cola,0,812,812,post_tag,,0,1,AR Attribute,,
950,cold temperature,cold-temperature,0,950,950,post_tag,,0,8,AR Attribute,,
158580,collard greens,collard-greens,0,158576,158580,post_tag,,0,2,AR Attribute,,
204,Comfort Food,comfort-food,0,204,204,post_tag,,0,112,AR Attribute,,
132953,compound butters,compound-butters,0,132949,132953,post_tag,,0,1,AR Attribute,,
735,condiment,condiment,0,735,735,post_tag,,0,1,Map,condiments,138
77518,condiment sauces,condiment-sauces,0,77514,77518,post_tag,,0,1,AR Attribute,,
138,condiments,condiments,0,138,138,post_tag,,0,4,AR Attribute,,
208020,Content Program LP,content-program-lp,0,208016,208020,layout_category,,0,5,Question,,
163707,content program lp menu,content-program-lp-menu,0,163703,163707,nav_menu,,0,6,Question,,
221210,content programs,content-programs,0,221206,221210,layout_category,,0,1,Question,,
437,Conversions,conversions,0,437,437,post_tag,,0,9,AR Attribute,,
293,Cook Times,cook-times,0,293,293,post_tag,,0,8,AR Attribute,,
877,Cookie & Candy,cookie-and-candy,0,877,877,ar_ad_channel,,0,49,AR Attribute,,
314,Cookie Cutters,cookie-cutters,0,314,314,post_tag,,0,3,AR Attribute,,
95309,cookie mix in a jar,cookie-mix-in-a-jar,0,95305,95309,post_tag,,0,1,AR Attribute,,
18,cookies,cookies,0,18,18,post_tag,,0,59,AR Attribute,,
220,Cooking For One,cooking-for-one,0,220,220,post_tag,,0,4,AR Attribute,,
221,Cooking For Two,cooking-for-two,0,221,221,post_tag,,0,3,AR Attribute,,
282,Cooking Questions,cooking-questions,0,282,282,post_tag,,0,35,AR Attribute,,
306,Cooking School,cooking-school,0,306,306,post_tag,,0,4,AR Attribute,,
388,Cooking Tip,cooking-tip,0,388,388,post_tag,,0,2,Map,Cooking Tips,283
283,Cooking Tips,cooking-tips,0,283,283,post_tag,,0,141,AR Attribute,,
808,Cooking with Beer,cooking-with-beer,0,808,808,post_tag,,0,4,AR Attribute,,
648,Cooking with Wine,cooking-with-wine,0,648,648,post_tag,,0,8,AR Attribute,,
291,Cookout,cookout,0,291,291,post_tag,,0,15,AR Attribute,,
594,Cookouts,cookouts,0,594,594,post_tag,,0,1,Map,Cookout,291
849,cookware/saucepan (2 quart),cookwaresaucepan-2-quart,0,849,849,post_tag,,0,1,AR Attribute,,
1129,Cookware/Skillet - Large,cookwareskillet-large,0,1129,1129,post_tag,,0,2,AR Attribute,,
742,Cookware/Skillet - Medium,cookwareskillet-medium,0,742,742,post_tag,,0,3,AR Attribute,,
27288,copycat,copycat,0,27284,27288,post_tag,,0,3,Map,copycat recipe,748
748,copycat recipe,copycat-recipe,0,748,748,post_tag,,0,13,AR Attribute,,
929,Corn,corn,0,929,929,post_tag,,0,8,AR Attribute,,
762,Corn Meal,corn-meal,0,762,762,post_tag,,0,1,AR Attribute,,
1137,corn on the cob,corn-on-the-cob,0,1137,1137,post_tag,,0,6,AR Attribute,,
1140,corn salad,corn-salad,0,1140,1140,post_tag,,0,4,AR Attribute,,
212,Cornbread,cornbread,0,212,212,post_tag,,0,3,AR Attribute,,
462,Corned Beef,corned-beef,0,462,462,post_tag,,0,2,AR Attribute,,
45668,country ham,country-ham,0,45664,45668,post_tag,,0,1,Map,Ham,537
100555,crab,crab,0,100551,100555,post_tag,,0,1,AR Attribute,,
144,cranberries,cranberries,0,144,144,post_tag,,0,4,Map,cranberry,854
854,cranberry,cranberry,0,854,854,post_tag,,0,5,AR Attribute,,
143,cranberry sauce,cranberry-sauce,0,143,143,post_tag,,0,2,AR Attribute,,
421,Cream,cream,0,421,421,post_tag,,0,1,AR Attribute,,
522,Cream Cheese,cream-cheese,0,522,522,post_tag,,0,1,AR Attribute,,
221420,cream soups,cream-soups,0,221416,221420,post_tag,,0,1,AR Attribute,,
631,Creole Cuisine,creole-cuisine,0,631,631,post_tag,,0,5,AR Attribute,,
1135,Crepes,crepes,0,1135,1135,post_tag,,0,4,AR Attribute,,
1107,Crisps and Crumbles,crisps-and-crumbles,0,1107,1107,post_tag,,0,4,AR Attribute,,
29479,croutons,croutons,0,29475,29479,post_tag,,0,3,AR Attribute,,
352,Cuba,cuba,0,352,352,post_tag,,0,2,AR Attribute,,
829,cucumber,cucumber,0,829,829,post_tag,,0,4,AR Attribute,,
81042,cucumber salad,cucumber-salad,0,81038,81042,post_tag,,0,2,AR Attribute,,
83521,cucumbers,cucumbers,0,83517,83521,post_tag,,0,1,Map,cucumber,829
1098,cumin,cumin,0,1098,1098,post_tag,,0,0,AR Attribute,,
747,cupcake,cupcake,0,747,747,post_tag,,0,5,AR Attribute,,
280,Cupcakes,cupcakes,0,280,280,post_tag,,0,12,Map,cupcake,747
1097,Curry,curry,0,1097,1097,post_tag,,0,1,AR Attribute,,
521,Custard,custard,0,521,521,post_tag,,0,1,Map,custard-style pudding,120183
229501,Custard & Cream Pies,custard-cream-pies,0,229497,229501,post_tag,,0,1,AR Attribute,,
120187,custard-style pudding,custard-style-pudding,0,120183,120187,post_tag,,0,1,AR Attribute,,
89,Customer Service,customer-service,0,89,89,nav_menu,,0,39,Question,,
29463,cut-out cookies,cut-out-cookies,0,29459,29463,post_tag,,0,4,AR Attribute,,
221215,Daily Dish (dinner),daily-dish-dinner,0,221211,221215,post_tag,,0,13,Editorial Attribute,,
141825,daiquiris,daiquiris,0,141821,141825,post_tag,,0,0,AR Attribute,,
480,Dairy,dairy,0,480,480,post_tag,,0,3,AR Attribute,,
89799,dairy free recipes,dairy-free-recipes,0,89795,89799,post_tag,,0,1,Map,Dairy-free,366
366,Dairy-Free,dairy-free,0,366,366,post_tag,,0,11,AR Attribute,,
142557,Dandelion,dandelion,0,142553,142557,post_tag,,0,1,AR Attribute,,
51543,dandelions,dandelions,0,51539,51543,post_tag,,0,1,Map,dandelion,142553
29460,danish,danish,0,29456,29460,post_tag,,0,1,AR Attribute,,
579,Dark Chocolate,dark-chocolate,0,579,579,post_tag,,0,3,AR Attribute,,
40465,date,date,0,40461,40465,post_tag,,0,2,AR Attribute,,
49179,dates,dates,0,49175,49179,post_tag,,0,1,Map,date,40461
8515,Day of the Dead,day-of-the-dead,0,8515,8515,post_tag,,0,1,AR Attribute,,
399,Decorating,decorating,0,399,399,post_tag,,0,22,AR Attribute,,
1112,Decorating Cakes,decorating-cakes,0,1112,1112,post_tag,,0,5,Map,Decorating,399
321,Deep Fried,deep-fried,0,321,321,post_tag,,0,15,AR Attribute,,
562,Deep Fryer,deep-fryer,0,562,562,post_tag,,0,2,AR Attribute,,
567,Delicata Squash,delicata-squash,0,567,567,post_tag,,0,3,AR Attribute,,
8420,Denmark,denmark,0,8420,8420,post_tag,,0,3,AR Attribute,,
254,Dessert,dessert,0,254,254,post_tag,,0,31,Map,Desserts,84
850,dessert fillings & frostings,dessert-fillings-frostings,0,850,850,post_tag,,0,2,AR Attribute,,
82063,dessert sauces,dessert-sauces,0,82059,82063,post_tag,,0,2,AR Attribute,,
14047,dessert toppings,dessert-toppings,0,14047,14047,post_tag,,0,3,AR Attribute,,
49700,dessert toppings/whipped cream,dessert-toppingswhipped-cream,0,49696,49700,post_tag,,0,2,AR Attribute,,
84,desserts,desserts,0,84,84,post_tag,,0,81,AR Attribute,,
878,Diabetic,diabetic,0,878,878,ar_ad_channel,,0,2,AR Attribute,,
29492,diabetic,diabetic,0,29488,29492,post_tag,,0,1,Map,Diabetic,878
49191,diet,diet,0,49187,49191,post_tag,,0,3,Map,Diet and Health,87
87,Diet and Health,diet-and-health,0,87,87,category,"All things cooking healthy, including diets and news.",0,258,AR Attribute,,
215523,Diet/ Weight Loss,diet-weight-loss,0,215519,215523,post_tag,,0,1,AR Attribute,,
391,Diet/Weight Loss,dietweight-loss,0,391,391,post_tag,,0,8,Map,Diet/ Weight Loss,215519
395,Dinner,dinner,0,395,395,post_tag,,0,69,AR Attribute,,
864,Dinner Rolls,dinner-rolls,0,864,864,post_tag,,0,1,Map,Bread Rolls & Buns,815
939,Dinners,dinners,0,939,939,post_tag,,0,1,Map,Dinner,395
45568,dip,dip,0,45564,45568,post_tag,,0,2,Map,Dips and spreads,270
152,dips,dips,0,152,152,post_tag,,0,1,Map,Dips and spreads,270
270,Dips and Spreads,dips-and-spreads,0,270,270,post_tag,,0,14,AR Attribute,,
615,Disaster Savers,disaster-savers,0,615,615,post_tag,,0,12,AR Attribute,,
832,dish component,dish-component,0,832,832,post_tag,,0,1,Map,dish components,262
262,Dish Components,dish-components,0,262,262,post_tag,,0,5,AR Attribute,,
22,DIY,diy,0,22,22,post_tag,,0,10,Map,Do it yourself,255
255,Do It Yourself,do-it-yourself,0,255,255,post_tag,,0,84,AR Attribute,,
45482,dog food,dog-food,0,45478,45482,post_tag,,0,1,AR Attribute,,
1159,Doughnuts,doughnuts,0,1159,1159,post_tag,,0,9,AR Attribute,,
122707,doughnuts (unleavened),doughnuts-unleavened,0,122703,122707,post_tag,,0,1,AR Attribute,,
122708,doughnuts (yeast),doughnuts-yeast,0,122704,122708,post_tag,,0,2,AR Attribute,,
117,drinks,drinks,0,117,117,post_tag,,0,11,Map,Beverages,81
132955,dry food mix,dry-food-mix,0,132951,132955,post_tag,,0,1,AR Attribute,,
777,Dry Pasta,dry-pasta,0,777,777,post_tag,,0,4,AR Attribute,,
466,Duck,duck,0,466,466,post_tag,,0,3,AR Attribute,,
229488,dutch oven,dutch-oven,0,229484,229488,post_tag,,0,1,AR Attribute,,
311,Easter,easter,0,311,311,post_tag,,0,37,AR Attribute,,
879,Easter - Advice/Hubs,easter-advice-hubs,0,879,879,ar_ad_channel,,0,19,AR Attribute,,
1124,Easy,easy,0,1124,1124,post_tag,,0,7,Map,Quick and easy,890
221375,Easy Healthy,easy-healthy,0,221371,221375,post_tag,,0,6,Editorial Attribute,,
313,Edible Decorations,edible-decorations,0,313,313,post_tag,,0,5,AR Attribute,,
108099,edible flowers,edible-flowers,0,108095,108099,post_tag,,0,1,AR Attribute,,
48870,editorial columns,editorial-columns,0,48866,48870,post_tag,,0,1,AR Attribute,,
350,Egg Burritos & Wraps,egg-burritos-wraps,0,350,350,post_tag,,0,3,AR Attribute,,
946,Egg Noodles,egg-noodles,0,946,946,post_tag,,0,0,AR Attribute,,
785,egg sandwiches,egg-sandwiches,0,785,785,post_tag,,0,4,AR Attribute,,
132,eggnog,eggnog,0,132,132,post_tag,,0,4,AR Attribute,,
492,Eggplant,eggplant,0,492,492,post_tag,,0,3,AR Attribute,,
380,eggs,eggs,0,380,380,post_tag,,0,37,AR Attribute,,
131456,Egypt,egypt,0,131452,131456,post_tag,,0,1,AR Attribute,,
500,Electric Mixer,electric-mixer,0,500,500,post_tag,,0,1,AR Attribute,,
207938,Empanadas,empanadas,0,207934,207938,post_tag,,0,1,AR Attribute,,
636,Enchiladas,enchiladas,0,636,636,post_tag,,0,4,AR Attribute,,
1116,England,england,0,1116,1116,post_tag,,0,1,AR Attribute,,
8395,Enoki Mushrooms,enoki-mushrooms,0,8395,8395,post_tag,,0,1,AR Attribute,,
285,Entertaining,entertaining,0,285,285,post_tag,,0,118,AR Attribute,,
207939,europe,europe,0,207935,207939,post_tag,,0,1,AR Attribute,,
44354,european,european,0,44350,44354,post_tag,,0,1,Map,Europe,207935
120746,evaporated milk,evaporated-milk,0,120742,120746,post_tag,,0,1,AR Attribute,,
557,Everyday Cooking,everyday-cooking,0,557,557,post_tag,,0,135,AR Attribute,,
724,Experienced,experienced,0,724,724,post_tag,,0,3,AR Attribute,,
1149,fair food,fair-food,0,1149,1149,post_tag,,0,4,AR Attribute,,
639,Fajitas,fajitas,0,639,639,post_tag,,0,3,AR Attribute,,
8518,Fall,fall,0,8518,8518,post_tag,,0,8,Map,Autumn,414
45372,family,family,0,45368,45372,post_tag,,0,1,Map,Family/Kid Friendly,880
297,Family Fun,family-fun,0,297,297,post_tag,,0,69,AR Attribute,,
387,Family Recipe,family-recipe,0,387,387,post_tag,,0,2,Map,Family/Kid Friendly,880
1081,Family Reunion,family-reunion,0,1081,1081,post_tag,,0,1,AR Attribute,,
880,Family/Kid Friendly,family-kid-friendly,0,880,880,ar_ad_channel,,0,40,AR Attribute,,
123010,faq,faq,0,123006,123010,post_tag,,0,1,AR Attribute,,
778,Farfalle Pasta (Bow Tie),farfalle-pasta-bow-tie,0,778,778,post_tag,,0,1,AR Attribute,,
326,Farmers Market,farmers-market,0,326,326,post_tag,,0,41,AR Attribute,,
57979,farmers'market,farmersmarket,0,57975,57979,post_tag,,0,1,Map,Farmers Market,326
575,Father's Day,fathers-day,0,575,575,post_tag,,0,2,AR Attribute,,
322,Fats and Oils,fats-and-oils,0,322,322,post_tag,,0,5,AR Attribute,,
63759,fava bean,fava-bean,0,63755,63759,post_tag,,0,1,AR Attribute,,
2,Featured,featured,0,2,2,category,,0,19,Question,,
1094,Fennel,fennel,0,1094,1094,post_tag,,0,2,AR Attribute,,
602,Fennel Bulb,fennel-bulb,0,602,602,post_tag,,0,1,AR Attribute,,
14776,fern,fern,0,14776,14776,post_tag,,0,1,AR Attribute,,
100963,fig,fig,0,100959,100963,post_tag,,0,2,AR Attribute,,
743,fillets,fillets,0,743,743,post_tag,,0,1,AR Attribute,,
957,Fish,fish,0,957,957,post_tag,,0,13,AR Attribute,,
120660,fish state,fish-state,0,120656,120660,post_tag,,0,1,AR Attribute,,
224,Five Ingredients or Less,five-ingredients-or-less,0,224,224,post_tag,,0,11,AR Attribute,,
907,Flan,flan,0,907,907,post_tag,,0,1,Map,custard-style pudding,120183
123504,flavor profile,flavor-profile,0,123500,123504,post_tag,,0,1,AR Attribute,,
14648,flax seeds,flax-seeds,0,14648,14648,post_tag,,0,1,AR Attribute,,
318,Flour,flour,0,318,318,post_tag,,0,6,AR Attribute,,
62340,flowers,flowers,0,62336,62340,post_tag,,0,1,Map,edible flowers,108095
250,Fondant,fondant,0,250,250,post_tag,,0,2,AR Attribute,,
936,Fondue,fondue,0,936,936,post_tag,,0,6,AR Attribute,,
398,Food Decorating,food-decorating,0,398,398,post_tag,,0,4,AR Attribute,,
111,food gifts,food-gifts,0,111,111,post_tag,,0,29,AR Attribute,,
514,Food Mill,food-mill,0,514,514,post_tag,,0,1,AR Attribute,,
70,Food News and Trends,food-news-trends,0,70,70,category,Irresistible food news and trends. ,0,535,Question,,
482,Food Processor,food-processor,0,482,482,post_tag,,0,2,AR Attribute,,
368,Food Safety,food-safety,0,368,368,post_tag,,0,11,AR Attribute,,
163,Food Travel,food-travel,0,163,163,category,Food that takes you on a trip.,0,97,Question,,
147062,footer links,footer-links,0,147058,147062,layout_category,,0,1,Question,,
240,Formal Entertaining,formal-entertaining,0,240,240,post_tag,,0,10,AR Attribute,,
256,Fourth of July,fourth-of-july,0,256,256,post_tag,,0,1,Map,Independence Day,257
436,France,france,0,436,436,post_tag,,0,4,AR Attribute,,
357,Freezer Friendly,freezer-friendly,0,357,357,post_tag,,0,3,AR Attribute,,
517,French,french,0,517,517,post_tag,,0,3,Map,France,436
14650,french canadian cuisine,french-canadian-cuisine,0,14650,14650,post_tag,,0,1,AR Attribute,,
828,French inspired,french-inspired,0,828,828,post_tag,,0,5,AR Attribute,,
851,French onion soup,french-onion-soup,0,851,851,post_tag,,0,2,AR Attribute,,
781,French Toast,french-toast,0,781,781,post_tag,,0,6,AR Attribute,,
42249,french-bread,french-bread,0,42245,42249,post_tag,,0,2,Map,breads,871
1093,fresh fish,fresh-fish,0,1093,1093,post_tag,,0,7,AR Attribute,,
1119,Fresh fruit,fresh-fruit,0,1119,1119,post_tag,,0,19,AR Attribute,,
945,Fresh Pasta,fresh-pasta,0,945,945,post_tag,,0,0,AR Attribute,,
231,Fresh Vegetables,fresh-vegetables,0,231,231,post_tag,,0,48,AR Attribute,,
493,Fried,fried,0,493,493,post_tag,,0,8,Map,deep fried,321
116,fried chicken,fried-chicken,0,116,116,post_tag,,0,17,AR Attribute,,
910,Frosting,frosting,0,910,910,post_tag,,0,2,Map,dessert fillings & frostings,850
141,frostings & fillings,frostings-fillings,0,141,141,post_tag,,0,1,Map,dessert fillings & frostings,850
115,frozen desserts,frozen-desserts,0,115,115,post_tag,,0,17,AR Attribute,,
474,Frozen Fruit,frozen-fruit,0,474,474,post_tag,,0,5,AR Attribute,,
802,Frozen Homemade Frozen Desserts,frozen-homemade-frozen-desserts,0,802,802,post_tag,,0,2,AR Attribute,,
73539,frozen ice cream pies,frozen-ice-cream-pies,0,73535,73539,post_tag,,0,3,AR Attribute,,
68406,frozen ice cream sundaes,frozen-ice-cream-sundaes,0,68402,68406,post_tag,,0,2,AR Attribute,,
1151,frozen temperature,frozen-temperature,0,1151,1151,post_tag,,0,3,AR Attribute,,
820,Frozen Vegetables,frozen-vegetables,0,820,820,post_tag,,0,2,AR Attribute,,
469,Fruit,fruit,0,469,469,post_tag,,0,23,AR Attribute,,
415,Fruit Bread/Banana Bread,fruit-breadbanana-bread,0,415,415,post_tag,,0,2,AR Attribute,,
18529,fruit butters,fruit-butters,0,18529,18529,post_tag,,0,3,AR Attribute,,
1076,Fruit Candy,fruit-candy,0,1076,1076,post_tag,,0,1,AR Attribute,,
1108,fruit fillings & frostings,fruit-fillings-frostings,0,1108,1108,post_tag,,0,1,AR Attribute,,
491,Fruit Pies,fruit-pies,0,491,491,post_tag,,0,8,AR Attribute,,
411,Fruit Salad,fruit-salad,0,411,411,post_tag,,0,7,AR Attribute,,
1141,fruit side dishes,fruit-side-dishes,0,1141,1141,post_tag,,0,2,AR Attribute,,
77563,fruit state,fruit-state,0,77559,77563,post_tag,,0,3,AR Attribute,,
8419,Fruitcake,fruitcake,0,8419,8419,post_tag,,0,2,AR Attribute,,
18549,fruit-pie,fruit-pie,0,18549,18549,post_tag,,0,2,Map,fruit pies,491
95236,Fruity Flavor,fruity-flavor,0,95232,95236,post_tag,,0,1,AR Attribute,,
29467,fry,fry,0,29463,29467,post_tag,,0,4,Map,deep fried,321
519,Fudge,fudge,0,519,519,post_tag,,0,2,Map,fudge candy,108096
108100,fudge candy,fudge-candy,0,108096,108100,post_tag,,0,5,AR Attribute,,
229504,Fusilli Pasta,fusilli-pasta,0,229500,229504,post_tag,,0,0,AR Attribute,,
267,Ganache,ganache,0,267,267,post_tag,,0,3,AR Attribute,,
81842,garbanzo beans,garbanzo-beans,0,81838,81842,post_tag,,0,1,AR Attribute,,
835,gardening,gardening,0,835,835,post_tag,,0,6,AR Attribute,,
1127,garlic,garlic,0,1127,1127,post_tag,,0,6,AR Attribute,,
935,Gazpacho,gazpacho,0,935,935,post_tag,,0,3,AR Attribute,,
937,Gelatin,gelatin,0,937,937,post_tag,,0,3,AR Attribute,,
576,Georgia,georgia,0,576,576,post_tag,,0,1,AR Attribute,,
1115,Germany,germany,0,1115,1115,post_tag,,0,3,AR Attribute,,
295,Gift Ideas,gift-ideas,0,295,295,post_tag,,0,16,AR Attribute,,
554,Gin,gin,0,554,554,post_tag,,0,5,AR Attribute,,
29465,gingebread cookies,gingebread-cookies,0,29461,29465,post_tag,,0,1,Map,gingerbread cookies,31576
764,ginger,ginger,0,764,764,post_tag,,0,3,AR Attribute,,
591,Gingerbread,gingerbread,0,591,591,post_tag,,0,3,AR Attribute,,
31580,gingerbread cookies,gingerbread-cookies,0,31576,31580,post_tag,,0,1,AR Attribute,,
27463,global,global,0,27459,27463,scope,,0,8,Question,,
435,Gluten-Free,gluten-free,0,435,435,post_tag,,0,23,AR Attribute,,
143152,Goat Cheese,goat-cheese,0,143148,143152,post_tag,,0,1,AR Attribute,,
1139,Goose,goose,0,1139,1139,post_tag,,0,1,AR Attribute,,
241,Gourmet,gourmet,0,241,241,post_tag,,0,10,AR Attribute,,
1082,Graduation,graduation,0,1082,1082,post_tag,,0,1,AR Attribute,,
627,Grain Beans and Rice,grain-beans-and-rice,0,627,627,post_tag,,0,1,AR Attribute,,
806,grain main dishes,grain-main-dishes,0,806,806,post_tag,,0,2,AR Attribute,,
1163,grain pilaf side dishes,grain-pilaf-side-dishes,0,1163,1163,post_tag,,0,1,AR Attribute,,
624,Grain Salad,grain-salad,0,624,624,post_tag,,0,1,AR Attribute,,
625,Grain Side Dishes,grain-side-dishes,0,625,625,post_tag,,0,3,AR Attribute,,
481,Grains,grains,0,481,481,post_tag,,0,7,AR Attribute,,
1099,Granola Bars,granola-bars,0,1099,1099,post_tag,,0,3,AR Attribute,,
502,Grape,grape,0,502,502,post_tag,,0,1,AR Attribute,,
215525,grapefruit,grapefruit,0,215521,215525,post_tag,,0,1,AR Attribute,,
95218,grater or microplane,grater-or-microplane,0,95214,95218,post_tag,,0,2,AR Attribute,,
134390,gravies,gravies,0,134386,134390,post_tag,,0,1,AR Attribute,,
930,Gravy,gravy,0,930,930,post_tag,,0,8,Map,gravies,134386
1172,Greece,greece,0,1172,1172,post_tag,,0,1,AR Attribute,,
41694,greek,greek,0,41690,41694,post_tag,,0,1,Map,greek inspired,839
839,Greek Inspired,greek-inspired,0,839,839,post_tag,,0,3,AR Attribute,,
49715,greek yogurt,greek-yogurt,0,49711,49715,post_tag,,0,3,AR Attribute,,
73535,green beans,green-beans,0,73531,73535,post_tag,,0,1,AR Attribute,,
715,green pea,green-pea,0,715,715,post_tag,,0,4,AR Attribute,,
143151,green salad,green-salad,0,143147,143151,post_tag,,0,1,AR Attribute,,
370,Greens,greens,0,370,370,post_tag,,0,12,AR Attribute,,
200,Grilled,grilled,0,200,200,post_tag,,0,32,AR Attribute,,
230,Grilling,grilling,0,230,230,post_tag,,0,7,Map,Grilled,200
661,Grinder,grinder,0,661,661,post_tag,,0,1,AR Attribute,,
646,Ground Beef,ground-beef,0,646,646,post_tag,,0,9,AR Attribute,,
632,Ground Pork,ground-pork,0,632,632,post_tag,,0,2,AR Attribute,,
721,ground turkey,ground-turkey,0,721,721,post_tag,,0,2,AR Attribute,,
38986,guacamole,guacamole,0,38982,38986,post_tag,,0,3,AR Attribute,,
1173,Gulf South,gulf-south,0,1173,1173,post_tag,,0,1,AR Attribute,,
26,Gumbo,gumbo,0,26,26,post_tag,,0,6,AR Attribute,,
750,Halibut,halibut,0,750,750,post_tag,,0,2,AR Attribute,,
83,halloween,halloween,0,83,83,post_tag,,0,29,AR Attribute,,
881,Halloween - Advice/Hubs,halloween-advice-hubs,0,881,881,ar_ad_channel,,0,17,AR Attribute,,
119515,halloween recipes,halloween-recipes,0,119511,119515,post_tag,,0,1,Map,Halloween,83
537,Ham,ham,0,537,537,post_tag,,0,8,AR Attribute,,
539,Ham Salad,ham-salad,0,539,539,post_tag,,0,0,AR Attribute,,
147113,hand pie,hand-pie,0,147109,147113,post_tag,,0,1,AR Attribute,,
1109,Hannukah,hannukah,0,1109,1109,post_tag,,0,3,AR Attribute,,
142454,hard cider,hard-cider,0,142450,142454,post_tag,,0,0,AR Attribute,,
698,Hash Browns,hash-browns,0,698,698,post_tag,,0,6,AR Attribute,,
31613,health,health,0,31609,31613,post_tag,,0,1,Map,health and wellness,603
603,Health and Wellness,health-and-wellness,0,603,603,post_tag,,0,141,AR Attribute,,
882,Healthy,healthy,0,882,882,ar_ad_channel,,0,156,AR Attribute,,
1120,healthy,healthy,0,1120,1120,post_tag,,0,38,AR Attribute,,
273,Healthy - Editorial,healthy-editorial,0,273,273,post_tag,,0,68,AR Attribute,,
49244,Healthy Fats,healthy-fats,0,49240,49244,post_tag,,0,9,AR Attribute,,
50605,healthy-recipes,healthy-recipes,0,50601,50605,post_tag,,0,12,Map,healthy,882
53639,heathy,heathy,0,53635,53639,post_tag,,0,1,Map,healthy,882
101001,heavy cream,heavy-cream,0,100997,101001,post_tag,,0,1,Map,cream,421
244,Heirloom Vegetables,heirloom-vegetables,0,244,244,post_tag,,0,1,Map,vegetable,853
73534,herbal flavor,herbal-flavor,0,73530,73534,post_tag,,0,1,AR Attribute,,
1085,Herbs,herbs,0,1085,1085,post_tag,,0,11,AR Attribute,,
383,High Protein,high-protein,0,383,383,post_tag,,0,5,AR Attribute,,
645,High-Fiber,high-fiber,0,645,645,post_tag,,0,4,AR Attribute,,
397,Holiday,holiday,0,397,397,post_tag,,0,76,AR Attribute,,
883,Holiday - Advice/Hubs,holiday-advice-hubs,0,883,883,ar_ad_channel,,0,65,AR Attribute,,
31556,holiday-baking,holiday-baking,0,31552,31556,post_tag,,0,2,Map,Holiday,397
40187,holidays,holidays,0,40183,40187,post_tag,,0,4,Map,Holiday,397
119518,homemade cheese,homemade-cheese,0,119514,119518,post_tag,,0,1,AR Attribute,,
499,Homemade Pasta,homemade-pasta,0,499,499,post_tag,,0,4,AR Attribute,,
45483,homemade pet food,homemade-pet-food,0,45479,45483,post_tag,,0,1,Map,pet food,479
131452,homemade spice blend,homemade-spice-blend,0,131448,131452,post_tag,,0,1,AR Attribute,,
27,honey,honey,0,27,27,post_tag,,0,3,AR Attribute,,
27467,horseradish,horseradish,0,27463,27467,post_tag,,0,2,AR Attribute,,
476,Hot Chocolate with Alcohol,hot-chocolate-with-alcohol,0,476,476,post_tag,,0,2,AR Attribute,,
477,Hot Chocolate without Alcohol,hot-chocolate-without-alcohol,0,477,477,post_tag,,0,2,AR Attribute,,
726,hot dog and corn dogs,hot-dog-and-corn-dogs,0,726,726,post_tag,,0,3,AR Attribute,,
720,hot dogs,hot-dogs,0,720,720,post_tag,,0,4,AR Attribute,,
542,Hot Peppers,hot-peppers,0,542,542,post_tag,,0,5,Map,Peppers,1101
614,Hot Sauce,hot-sauce,0,614,614,post_tag,,0,5,AR Attribute,,
841,Hot Sauces,hot-sauces,0,841,841,post_tag,,0,1,AR Attribute,,
1155,hot temperature,hot-temperature,0,1155,1155,post_tag,,0,2,AR Attribute,,
28,How to Cook a Turkey,how-to-cook-a-turkey,0,28,28,post_tag,,0,3,Map,How-to,216
216,How-to,how-to,0,216,216,post_tag,,0,274,AR Attribute,,
953,Hubbard Squash,hubbard-squash,0,953,953,post_tag,,0,2,AR Attribute,,
81043,huckleberry,huckleberry,0,81039,81043,post_tag,,0,1,AR Attribute,,
100552,hummus,hummus,0,100548,100552,post_tag,,0,2,AR Attribute,,
42023,hungary,hungary,0,42019,42023,post_tag,,0,2,AR Attribute,,
400,Ice Cream,ice-cream,0,400,400,post_tag,,0,17,AR Attribute,,
423,Ice Cream Maker,ice-cream-maker,0,423,423,post_tag,,0,2,AR Attribute,,
943,Iced Tea,iced-tea,0,943,943,post_tag,,0,1,AR Attribute,,
40091,iceland,iceland,0,40087,40091,post_tag,,0,1,AR Attribute,,
548,Immersion Blender,immersion-blender,0,548,548,post_tag,,0,1,AR Attribute,,
40599,indain,indain,0,40595,40599,post_tag,,0,1,Map,Indian Inspired,837
257,Independence Day,independence-day,0,257,257,post_tag,,0,3,AR Attribute,,
650,India,india,0,650,650,post_tag,,0,5,AR Attribute,,
83311,indian,indian,0,83307,83311,post_tag,,0,3,Map,Indian Inspired,837
837,Indian Inspired,indian-inspired,0,837,837,post_tag,,0,7,AR Attribute,,
774,Indoor Grill,indoor-grill,0,774,774,post_tag,,0,2,AR Attribute,,
809,inspired cuisine,inspired-cuisine,0,809,809,post_tag,,0,6,AR Attribute,,
145159,Instant Pot,instant-pot,0,145155,145159,post_tag,,0,1,AR Attribute,,
804,Ireland,ireland,0,804,804,post_tag,,0,4,AR Attribute,,
49699,irish,irish,0,49695,49699,post_tag,,0,3,Map,Ireland,804
49668,irish cream,irish-cream,0,49664,49668,post_tag,,0,1,AR Attribute,,
1117,Irish inspired,irish-inspired,0,1117,1117,post_tag,,0,2,Map,Ireland,804
207941,Israel,israel,0,207937,207941,post_tag,,0,1,AR Attribute,,
884,Italian,italian,0,884,884,ar_ad_channel,,0,14,AR Attribute,,
45396,Italian,italian,0,45392,45396,post_tag,,0,4,Map,Italian inspired,308
308,Italian inspired,italian-inspired,0,308,308,post_tag,,0,24,AR Attribute,,
787,Italy,italy,0,787,787,post_tag,,0,6,AR Attribute,,
450,Jam & Jellies,jam-jellies,0,450,450,post_tag,,0,2,AR Attribute,,
838,Jamaica,jamaica,0,838,838,post_tag,,0,2,AR Attribute,,
451,Jams,jams,0,451,451,post_tag,,0,2,Map,Jam & Jellies,450
717,japan,japan,0,717,717,post_tag,,0,8,AR Attribute,,
452,Jellies,jellies,0,452,452,post_tag,,0,1,Map,Jam & Jellies,450
62598,jellies & preserves,jellies-preserves,0,62594,62598,post_tag,,0,1,Map,Jam & Jellies,450
146010,Jewish Cuisine,jewish-cuisine,0,146006,146010,post_tag,,0,1,AR Attribute,,
941,Juice,juice,0,941,941,post_tag,,0,1,Map,juice drinks,95997
96001,juice drinks,juice-drinks,0,95997,96001,post_tag,,0,3,AR Attribute,,
100228,juice drinks/fruit juice drinks,juice-drinksfruit-juice-drinks,0,100224,100228,post_tag,,0,1,AR Attribute,,
27594,juicer,juicer,0,27590,27594,post_tag,,0,2,AR Attribute,,
674,Kale,kale,0,674,674,post_tag,,0,10,AR Attribute,,
578,Kansas,kansas,0,578,578,post_tag,,0,1,AR Attribute,,
496,Kebabs & Skewers,kebabs-skewers,0,496,496,post_tag,,0,2,AR Attribute,,
95985,kebabs and skewers,kebabs-and-skewers,0,95981,95985,post_tag,,0,1,AR Attribute,,
712,Kentucky,kentucky,0,712,712,post_tag,,0,3,AR Attribute,,
713,Kentucky Derby,kentucky-derby,0,713,713,post_tag,,0,3,AR Attribute,,
620,Ketchup,ketchup,0,620,620,post_tag,,0,2,AR Attribute,,
410,Kid Cooks,kid-cooks,0,410,410,post_tag,,0,3,AR Attribute,,
120301,kid pleaser,kid-pleaser,0,120297,120301,post_tag,,0,2,Map,kid pleasers,225
225,Kid Pleasers,kid-pleasers,0,225,225,post_tag,,0,102,AR Attribute,,
40184,kids,kids,0,40180,40184,post_tag,,0,1,Map,kid pleasers,225
310,Kids Cookies,kids-cookies,0,310,310,post_tag,,0,1,Map,kid pleasers,225
30,kitchen,kitchen,0,30,30,post_tag,,0,11,AR Attribute,,
50620,Kitchen Equipment,equipment,0,50616,50620,category,"Buying guides, how-tos and ways you might not think to use your kitchen tools.",0,57,Map,Kitchen Tools,292
88,Kitchen Organization,kitchen-and-organization-tips,0,88,88,category,Set yourself up for kitchen success.,0,73,Map,Organizing,361
292,Kitchen Tools,kitchen-tools,0,292,292,post_tag,,0,45,AR Attribute,,
618,Knife,knife,0,618,618,post_tag,,0,6,AR Attribute,,
82059,kohlrabi,kohlrabi,0,82055,82059,post_tag,,0,2,AR Attribute,,
666,Korea,korea,0,666,666,post_tag,,0,6,AR Attribute,,
215529,korean food,korean-food,0,215525,215529,post_tag,,0,1,Map,Korea,666
215531,korean recipes,korean-recipes,0,215527,215531,post_tag,,0,1,Map,Korea,666
843,Kosher,kosher,0,843,843,post_tag,,0,1,AR Attribute,,
215524,kumquat,kumquat,0,215520,215524,post_tag,,0,1,AR Attribute,,
592,Labor Day,labor-day,0,592,592,post_tag,,0,3,AR Attribute,,
540,Lamb,lamb,0,540,540,post_tag,,0,10,AR Attribute,,
456,Lasagna,lasagna,0,456,456,post_tag,,0,9,AR Attribute,,
908,Latin America,latin-america,0,908,908,post_tag,,0,1,AR Attribute,,
1095,layer cake,layer-cake,0,1095,1095,post_tag,,0,3,AR Attribute,,
25566,layout,layout,0,25562,25566,layout_type,,0,54,Question,,
600,Leek,leek,0,600,600,post_tag,,0,5,AR Attribute,,
299,Leftovers,leftovers,0,299,299,post_tag,,0,33,AR Attribute,,
628,Legume Side Dishes,legume-side-dishes,0,628,628,post_tag,,0,2,AR Attribute,,
647,Legumes,legumes,0,647,647,post_tag,,0,3,AR Attribute,,
31,lemon,lemon,0,31,31,post_tag,,0,5,AR Attribute,,
531,Lemon Meringue Pie,lemon-meringue-pie,0,531,531,post_tag,,0,2,AR Attribute,,
942,Lemonade,lemonade,0,942,942,post_tag,,0,4,AR Attribute,,
45338,lemon-bars,lemon-bars,0,45334,45338,post_tag,,0,2,AR Attribute,,
51556,lemons,lemons,0,51552,51556,post_tag,,0,1,Map,Lemon,31
424,Lentil,lentil,0,424,424,post_tag,,0,2,AR Attribute,,
131462,lentil soup,lentil-soup,0,131458,131462,post_tag,,0,1,AR Attribute,,
330,Lettuce,lettuce,0,330,330,post_tag,,0,3,AR Attribute,,
331,Lettuce Wraps,lettuce-wraps,0,331,331,post_tag,,0,2,AR Attribute,,
147121,light and fluffy texture,light-and-fluffy-texture,0,147117,147121,post_tag,,0,1,AR Attribute,,
81044,lingonberry,lingonberry,0,81040,81044,post_tag,,0,1,AR Attribute,,
552,Liqueur,liqueur,0,552,552,post_tag,,0,3,AR Attribute,,
133670,liqueurs,liqueurs,0,133666,133670,post_tag,,0,1,AR Attribute,,
1156,liquor,liquor,0,1156,1156,post_tag,,0,1,AR Attribute,,
360,Living,living,0,360,360,post_tag,,0,7,AR Attribute,,
1133,Lobster,lobster,0,1133,1133,post_tag,,0,2,AR Attribute,,
10894,Louisiana,louisiana,0,10894,10894,post_tag,,0,1,AR Attribute,,
714,low carbohydrate,low-carbohydrate,0,714,714,post_tag,,0,7,AR Attribute,,
728,low effort,low-effort,0,728,728,post_tag,,0,14,AR Attribute,,
467,Low Fat,low-fat,0,467,467,post_tag,,0,2,AR Attribute,,
727,low GI,low-gi,0,727,727,post_tag,,0,2,AR Attribute,,
1165,low sodium,low-sodium,0,1165,1165,post_tag,,0,2,AR Attribute,,
42982,lowcal,lowcal,0,42978,42982,post_tag,,0,1,Map,low-calorie,468
468,Low-Calorie,low-calorie,0,468,468,post_tag,,0,8,AR Attribute,,
1122,Lunar New Year,lunar-new-year,0,1122,1122,post_tag,,0,1,AR Attribute,,
394,Lunch,lunch,0,394,394,post_tag,,0,24,AR Attribute,,
335,Lunch Box,lunch-box,0,335,335,post_tag,,0,15,AR Attribute,,
915,Macaroni and Cheese,macaroni-and-cheese,0,915,915,post_tag,,0,12,AR Attribute,,
455,Main Dish Casseroles,main-dish-casseroles,0,455,455,post_tag,,0,14,AR Attribute,,
1105,main dish cereals,main-dish-cereals,0,1105,1105,post_tag,,0,2,AR Attribute,,
1100,Main Dish Granola,main-dish-granola,0,1100,1100,post_tag,,0,3,AR Attribute,,
45566,main dish meatballs,main-dish-meatballs,0,45562,45566,post_tag,,0,2,Map,meat main dish meatballs,221204
1161,Main Dish Oatmeal,main-dish-oatmeal,0,1161,1161,post_tag,,0,2,AR Attribute,,
76,main dishes,main-dishes,0,76,76,post_tag,,0,24,AR Attribute,,
232,Make Ahead of Time,make-ahead-of-time,0,232,232,post_tag,,0,47,AR Attribute,,
77526,make-ahead,make-ahead,0,77522,77526,post_tag,,0,2,Map,make ahead of time,232
1174,Malaysia,malaysia,0,1174,1174,post_tag,,0,1,AR Attribute,,
95219,mandoline,mandoline,0,95215,95219,post_tag,,0,1,AR Attribute,,
51464,Mango,mango,0,51460,51464,post_tag,,0,3,AR Attribute,,
27595,manual juicer,manual-juicer,0,27591,27595,post_tag,,0,1,Map,juicer,27590
158582,Maple Syrup,maple-syrup,0,158578,158582,post_tag,,0,2,AR Attribute,,
559,Mardi Gras,mardi-gras,0,559,559,post_tag,,0,6,AR Attribute,,
656,Margaritas,margaritas,0,656,656,post_tag,,0,5,AR Attribute,,
235,Marinades,marinades,0,235,235,post_tag,,0,5,AR Attribute,,
464,Marinated,marinated,0,464,464,post_tag,,0,4,AR Attribute,,
390,Marshmallow,marshmallow,0,390,390,post_tag,,0,7,AR Attribute,,
626,Marshmallows,marshmallows,0,626,626,post_tag,,0,2,Map,marshmallow,390
659,Martinis,martinis,0,659,659,post_tag,,0,2,AR Attribute,,
513,Mashed Potatoes,mashed-potatoes,0,513,513,post_tag,,0,10,AR Attribute,,
515,Mayonnaise,mayonnaise,0,515,515,post_tag,,0,5,AR Attribute,,
284,Meal Ideas,meal-ideas,0,284,284,post_tag,,0,31,AR Attribute,,
289,Measures,measures,0,289,289,post_tag,,0,5,AR Attribute,,
261,Measuring Cups and Spoons,measuring-cups-and-spoons,0,261,261,post_tag,,0,3,AR Attribute,,
77,meat,meat,0,77,77,post_tag,,0,5,AR Attribute,,
690,Meat Chops,meat-chops,0,690,690,post_tag,,0,4,AR Attribute,,
221208,meat main dish meatballs,meat-main-dish-meatballs,0,221204,221208,post_tag,,0,1,AR Attribute,,
407,Meat Main Dishes,meat-main-dishes,0,407,407,post_tag,,0,27,AR Attribute,,
686,Meat Meatloaf,meat-meatloaf,0,686,686,post_tag,,0,5,AR Attribute,,
680,Meat Pot Roast,meat-pot-roast,0,680,680,post_tag,,0,4,AR Attribute,,
688,Meat Pot Roasts,meat-pot-roasts,0,688,688,post_tag,,0,3,Map,meat pot roast,680
826,meat ribs,meat-ribs,0,826,826,post_tag,,0,3,AR Attribute,,
461,Meat Roasts,meat-roasts,0,461,461,post_tag,,0,7,AR Attribute,,
494,Meat Steaks,meat-steaks,0,494,494,post_tag,,0,14,AR Attribute,,
457,Meatloaf,meatloaf,0,457,457,post_tag,,0,6,AR Attribute,,
604,Mediterranean Diet,mediterranean-diet,0,604,604,post_tag,,0,10,AR Attribute,,
141934,Mediterranean inspired,mediterranean-inspired,0,141930,141934,post_tag,,0,3,AR Attribute,,
227,Melon,melon,0,227,227,post_tag,,0,3,AR Attribute,,
595,Memorial Day,memorial-day,0,595,595,post_tag,,0,1,AR Attribute,,
529,Meringue Cookies,meringue-cookies,0,529,529,post_tag,,0,1,AR Attribute,,
530,Meringue Fillings & Frostings,meringue-fillings-frostings,0,530,530,post_tag,,0,1,AR Attribute,,
683,Messy Recipe,messy-recipe,0,683,683,post_tag,,0,3,AR Attribute,,
885,Mexican,mexican,0,885,885,ar_ad_channel,,0,25,AR Attribute,,
128,mexican,mexican,0,128,128,post_tag,,0,7,Map,mexican inspired,635
635,Mexican Inspired,mexican-inspired,0,635,635,post_tag,,0,26,AR Attribute,,
822,Mexico,mexico,0,822,822,post_tag,,0,9,AR Attribute,,
1157,microbiome,microbiome,0,1157,1157,post_tag,,0,4,Map,probiotic,1158
518,Microwave,microwave,0,518,518,post_tag,,0,5,AR Attribute,,
570,Microwaved,microwaved,0,570,570,post_tag,,0,2,Map,microwave,518
1167,Middle Eastern,middle-eastern,0,1167,1167,post_tag,,0,4,Map,middle eastern inspired,34582
34586,middle eastern inspired,middle-eastern-inspired,0,34582,34586,post_tag,,0,5,AR Attribute,,
422,Milk,milk,0,422,422,post_tag,,0,6,AR Attribute,,
45571,milk chocolate,milk-chocolate,0,45567,45571,post_tag,,0,1,AR Attribute,,
329,Milkshakes & Floats without Alcohol,milkshakes-floats-without-alcohol,0,329,329,post_tag,,0,6,AR Attribute,,
760,Millet,millet,0,760,760,post_tag,,0,2,AR Attribute,,
8418,Mincemeat,mincemeat,0,8418,8418,post_tag,,0,1,AR Attribute,,
384,Mini Foods,mini-foods,0,384,384,post_tag,,0,13,AR Attribute,,
327,Mint,mint,0,327,327,post_tag,,0,1,Map,mint (herb),667
667,Mint (Herb),mint-herb,0,667,667,post_tag,,0,4,AR Attribute,mint (herb),667
960,miso,miso,0,960,960,post_tag,,0,1,AR Attribute,,
733,Missouri,missouri,0,733,733,post_tag,,0,1,AR Attribute,,
670,Mixed Salad Greens,mixed-salad-greens,0,670,670,post_tag,,0,5,AR Attribute,,
131454,mixed spice,mixed-spice,0,131450,131454,post_tag,,0,1,AR Attribute,,
233,Mixed Vegetables,mixed-vegetables,0,233,233,post_tag,,0,2,AR Attribute,,
95998,mocktails,mocktails,0,95994,95998,post_tag,,0,1,AR Attribute,,
938,moderate effort,moderate-effort,0,938,938,post_tag,,0,2,AR Attribute,,
27461,module,module,0,27457,27461,layout_type,,0,1,Question,,
81048,mojitos,mojitos,0,81044,81048,post_tag,,0,1,AR Attribute,,
320,Molasses,molasses,0,320,320,post_tag,,0,0,AR Attribute,,
797,monkey bread,monkey-bread,0,797,797,post_tag,,0,1,AR Attribute,,
1160,Montana,montana,0,1160,1160,post_tag,,0,1,AR Attribute,,
8396,Morel Mushrooms,morel-mushrooms,0,8396,8396,post_tag,,0,1,AR Attribute,,
442,Mother's Day,mothers-day,0,442,442,post_tag,,0,4,AR Attribute,,
146014,Mousse,mousse,0,146010,146014,post_tag,,0,1,AR Attribute,,
1080,movie menus,movie-menus,0,1080,1080,post_tag,,0,5,AR Attribute,,
119517,mozzarella cheese,mozzarella-cheese,0,119513,119517,post_tag,,0,1,AR Attribute,,
51572,muffin,muffin,0,51568,51572,post_tag,,0,1,Map,muffins,172
349,Muffin Pan,muffin-pan,0,349,349,post_tag,,0,1,AR Attribute,,
172,muffins,muffins,0,172,172,post_tag,,0,18,AR Attribute,,
40212,mushroom,mushroom,0,40208,40212,post_tag,,0,1,Map,mushrooms,662
662,Mushrooms,mushrooms,0,662,662,post_tag,,0,7,AR Attribute,,
140,mussels,mussels,0,140,140,post_tag,,0,2,AR Attribute,,
619,Mustard,mustard,0,619,619,post_tag,,0,2,AR Attribute,,
18527,nachos,nachos,0,18527,18527,post_tag,,0,8,AR Attribute,,
40049,nascar,nascar,0,40045,40049,post_tag,,0,2,AR Attribute,,
1118,Native American,native-american,0,1118,1118,post_tag,,0,1,AR Attribute,,
100549,nav,nav,0,100545,100549,layout_category,,0,1,Question,,
653,Nectarine,nectarine,0,653,653,post_tag,,0,1,AR Attribute,,
49232,nettles,nettles,0,49228,49232,post_tag,,0,1,AR Attribute,,
163709,New Year,new-year,0,163705,163709,post_tag,,0,1,Map,New Year's,588
588,New Year's,new-years,0,588,588,post_tag,,0,5,AR Attribute,,
571,New York,new-york,0,571,571,post_tag,,0,0,AR Attribute,,
344,New York City,new-york-city,0,344,344,post_tag,,0,1,Map,New York,571
100964,nightshade,nightshade,0,100960,100964,post_tag,,0,2,AR Attribute,,
81065,no-bake cake,no-bake-cake,0,81061,81065,post_tag,,0,3,AR Attribute,,
745,No-Bake Cookies,no-bake-cookies,0,745,745,post_tag,,0,4,AR Attribute,,
1166,no-bake pies,no-bake-pies,0,1166,1166,post_tag,,0,4,AR Attribute,,
799,non food,non-food,0,799,799,post_tag,,0,3,AR Attribute,,
676,Non-Alcoholic Beverages,non-alcoholic-beverages,0,676,676,post_tag,,0,17,AR Attribute,,
1169,noodle salad,noodle-salad,0,1169,1169,post_tag,,0,1,Map,pasta salad,406
677,Noodle Soup,noodle-soup,0,677,677,post_tag,,0,2,AR Attribute,,
346,Noodles,noodles,0,346,346,post_tag,,0,1,Map,noodles & pasta,811
811,noodles & pasta,noodles-pasta,0,811,811,post_tag,,0,9,AR Attribute,,
75110,noodles and pasta,noodles-and-pasta,0,75106,75110,post_tag,,0,3,Map,noodles & pasta,811
131455,North Africa,north-africa,0,131451,131455,post_tag,,0,1,Map,northern africa,163701
577,North Carolina,north-carolina,0,577,577,post_tag,,0,3,AR Attribute,,
163705,northern africa,northern-africa,0,163701,163705,post_tag,,0,1,AR Attribute,,
8421,Norway,norway,0,8421,8421,post_tag,,0,2,AR Attribute,,
31559,norwegian,norwegian,0,31555,31559,post_tag,,0,1,Map,Norway,8421
413,Not Cooked,not-cooked,0,413,413,post_tag,,0,22,AR Attribute,,
251,Novelty & Specialty Cake,novelty-specialty-cake,0,251,251,post_tag,,0,3,AR Attribute,,
81066,novelty and specialty cake,novelty-and-specialty-cake,0,81062,81066,post_tag,,0,1,Map,Novelty & Specialty Cake,251
840,Nut-Free,nut-free,0,840,840,post_tag,,0,1,AR Attribute,,
8513,nutmeg,nutmeg,0,8513,8513,post_tag,,0,1,AR Attribute,,
364,Nutrition,nutrition,0,364,364,post_tag,,0,33,AR Attribute,,
944,Nuts,nuts,0,944,944,post_tag,,0,8,AR Attribute,,
1162,oat,oat,0,1162,1162,post_tag,,0,3,AR Attribute,,
372,Oatmeal,oatmeal,0,372,372,post_tag,,0,3,map,main dish oatmeal,1161
523,Oatmeal Cookies,oatmeal-cookies,0,523,523,post_tag,,0,1,AR Attribute,,
288,Occasions and Events,occasions-and-events,0,288,288,post_tag,,0,16,AR Attribute,,
48868,octopus,octopus,0,48864,48868,post_tag,,0,1,AR Attribute,,
1154,okra,okra,0,1154,1154,post_tag,,0,1,AR Attribute,,
1123,Oktoberfest,oktoberfest,0,1123,1123,post_tag,,0,4,AR Attribute,,
770,Olive Oil,olive-oil,0,770,770,post_tag,,0,8,AR Attribute,,
32,Olympics,olympics,0,32,32,post_tag,,0,1,AR Attribute,,
51537,omelet,omelet,0,51533,51537,post_tag,,0,2,AR Attribute,,
53638,omelettes,omelettes,0,53634,53638,post_tag,,0,1,Map,Omelet,51533
226,On the Go,on-the-go,0,226,226,post_tag,,0,21,AR Attribute,,
205,One Dish Meals,one-dish-meals,0,205,205,post_tag,,0,33,AR Attribute,,
276,Onion,onion,0,276,276,post_tag,,0,2,AR Attribute,,
125,onions,onions,0,125,125,post_tag,,0,5,Map,onion,276
51546,opening day,opening-day,0,51542,51546,post_tag,,0,1,Map,baseball,718
675,Orange,orange,0,675,675,post_tag,,0,5,AR Attribute,,
27593,orange juice,orange-juice,0,27589,27593,post_tag,,0,2,AR Attribute,,
1086,Oregano,oregano,0,1086,1086,post_tag,,0,0,AR Attribute,,
343,Oregon,oregon,0,343,343,post_tag,,0,1,AR Attribute,,
634,Organic,organic,0,634,634,post_tag,,0,13,AR Attribute,,
120666,organization,organization,0,120662,120666,post_tag,,0,0,AR Attribute,,
361,Organizing,organizing,0,361,361,post_tag,,0,16,AR Attribute,,
1079,Oscars,oscars,0,1079,1079,post_tag,,0,3,AR Attribute,,
886,Other Deserts,other-deserts,0,886,886,ar_ad_channel,,0,71,AR Attribute,,
198,Outdoor,outdoor,0,198,198,post_tag,,0,5,AR Attribute,,
847,Outdoor Rotisserie,outdoor-rotisserie,0,847,847,post_tag,,0,1,AR Attribute,,
751,oven,oven,0,751,751,post_tag,,0,10,AR Attribute,,
100375,oven baked,oven-baked,0,100371,100375,post_tag,,0,1,Map,oven,751
265,Over 8 Hours,over-8-hours,0,265,265,post_tag,,0,1,AR Attribute,,
194,Oyster,oyster,0,194,194,post_tag,,0,1,Map,oysters,196
196,Oysters,oysters,0,196,196,post_tag,,0,3,AR Attribute,,
507,Pacific Hawaii,pacific-hawaii,0,507,507,post_tag,,0,4,AR Attribute,,
191,Pacific Northwest,pacific-northwest,0,191,191,post_tag,,0,3,AR Attribute,,
1146,packaged cereals,packaged-cereals,0,1146,1146,post_tag,,0,2,AR Attribute,,
51536,paleo,paleo,0,51532,51536,post_tag,,0,6,Map,Paleolithic Diet,300
300,Paleolithic Diet,paleolithic-diet,0,300,300,post_tag,,0,23,AR Attribute,,
278,Pan Fried,pan-fried,0,278,278,post_tag,,0,6,AR Attribute,,
224886,pancake,pancake,0,224882,224886,post_tag,,0,1,Map,Breakfast pancakes,589
378,Pancakes,pancakes,0,378,378,post_tag,,0,11,Map,Breakfast pancakes,589
146011,papaya,papaya,0,146007,146011,post_tag,,0,1,AR Attribute,,
8514,paprika,paprika,0,8514,8514,post_tag,,0,1,AR Attribute,,
123283,parchment paper,parchment-paper,0,123279,123283,post_tag,,0,1,AR Attribute,,
1106,parfait,parfait,0,1106,1106,post_tag,,0,3,AR Attribute,,
617,Parsley,parsley,0,617,617,post_tag,,0,2,AR Attribute,,
65,Parties and Entertaining,parties-and-entertaining,0,65,65,category,Throw the bash that'll make 'em hungry for more. ,0,415,Question,,
249,Party,party,0,249,249,post_tag,,0,14,AR Attribute,,
45569,party-food,party-food,0,45565,45569,post_tag,,0,2,Map,Party,249
49670,passover,passover,0,49666,49670,post_tag,,0,2,AR Attribute,,
272,pasta,pasta,0,272,272,post_tag,,0,23,AR Attribute,,
887,Pasta - Main Dishes Only,pasta-main-dishes-only,0,887,887,ar_ad_channel,,0,28,AR Attribute,,
406,Pasta Salad,pasta-salad,0,406,406,post_tag,,0,8,AR Attribute,,
418,Pasta Salads,pasta-salads,0,418,418,post_tag,,0,1,Map,pasta salad,406
780,Pasta Sauces,pasta-sauces,0,780,780,post_tag,,0,1,AR Attribute,,
229505,Pasta Spirals,pasta-spirals,0,229501,229505,post_tag,,0,0,AR Attribute,,
1114,Pastries,pastries,0,1114,1114,post_tag,,0,2,AR Attribute,,
18528,pastry,pastry,0,18528,18528,post_tag,,0,3,Map,pastries,1114
215527,pavlova,pavlova,0,215523,215527,post_tag,,0,2,AR Attribute,,
651,Peach,peach,0,651,651,post_tag,,0,12,AR Attribute,,
1148,peach pie,peach-pie,0,1148,1148,post_tag,,0,1,Map,fruit pies,491
83522,peaches,peaches,0,83518,83522,post_tag,,0,2,Map,peach,651
29495,peanut,peanut,0,29491,29495,post_tag,,0,1,Map,peanuts,657
846,Peanut Butter Cookies,peanut-butter-cookies,0,846,846,post_tag,,0,2,AR Attribute,,
53277,peanut-butter,peanut-butter,0,53273,53277,post_tag,,0,3,AR Attribute,,
657,Peanuts,peanuts,0,657,657,post_tag,,0,2,AR Attribute,,
371,Pear,pear,0,371,371,post_tag,,0,5,AR Attribute,,
62610,pecan,pecan,0,62606,62610,post_tag,,0,1,Map,pecans,31620
709,Pecan Pie,pecan-pie,0,709,709,post_tag,,0,2,AR Attribute,,
31624,pecans,pecans,0,31620,31624,post_tag,,0,1,AR Attribute,,
95220,peeler and zester,peeler-and-zester,0,95216,95220,post_tag,,0,1,AR Attribute,,
779,Penne Pasta,penne-pasta,0,779,779,post_tag,,0,1,AR Attribute,,
1101,Peppers,peppers,0,1101,1101,post_tag,,0,6,AR Attribute,,
180757,Peppers & Peppercorns,peppers-peppercorns,0,180753,180757,post_tag,,0,1,AR Attribute,,
100965,peppers and peppercorns,peppers-and-peppercorns,0,100961,100965,post_tag,,0,2,Map,Peppers & Peppercorns,180753
1152,peppers/bell peppers,peppersbell-peppers,0,1152,1152,post_tag,,0,1,AR Attribute,,
1102,Peppers/Chile Peppers,pepperschile-peppers,0,1102,1102,post_tag,,0,6,AR Attribute,,
18554,persimmon,persimmon,0,18554,18554,post_tag,,0,2,AR Attribute,,
163706,peru,peru,0,163702,163706,post_tag,,0,2,AR Attribute,,
607,Pesto Pasta,pesto-pasta,0,607,607,post_tag,,0,1,AR Attribute,,
606,Pesto Pasta Sauces,pesto-pasta-sauces,0,606,606,post_tag,,0,7,AR Attribute,,
479,Pet Food,pet-food,0,479,479,post_tag,,0,1,AR Attribute,,
816,Philippines,philippines,0,816,816,post_tag,,0,2,AR Attribute,,
711,Pickled,pickled,0,711,711,post_tag,,0,6,AR Attribute,,
57952,pickled vegetables,pickled-vegetables,0,57948,57952,post_tag,,0,3,AR Attribute,,
156,pickles,pickles,0,156,156,post_tag,,0,7,AR Attribute,,
57953,pickling spice,pickling-spice,0,57949,57953,post_tag,,0,1,AR Attribute,,
201,Picnic,picnic,0,201,201,post_tag,,0,22,AR Attribute,,
490,Picnics,picnics,0,490,490,post_tag,,0,5,Map,picnic,201
857,Pie,pie,0,857,857,post_tag,,0,7,Map,Pies and Tarts,211
765,Pie Crusts,pie-crusts,0,765,765,post_tag,,0,2,AR Attribute,,
888,"Pie, Crisps, Crumbles, Cobblers",pie-crisps-crumbles-cobblers,0,888,888,ar_ad_channel,,0,22,AR Attribute,,
95989,pierogi,pierogi,0,95985,95989,post_tag,,0,1,Map,pierogies,95986
95990,pierogies,pierogies,0,95986,95990,post_tag,,0,1,AR Attribute,,
419,Pies,pies,0,419,419,post_tag,,0,4,Map,Pies and Tarts,211
533,Pies & Tarts,pies-tarts,0,533,533,post_tag,,0,11,Map,Pies and Tarts,211
211,Pies and Tarts,pies-and-tarts,0,211,211,post_tag,,0,14,AR Attribute,,
229503,Pine Nuts,pine-nuts,0,229499,229503,post_tag,,0,0,AR Attribute,,
49673,pineapple,pineapple,0,49669,49673,post_tag,,0,5,AR Attribute,,
148,pizza,pizza,0,148,148,post_tag,,0,23,AR Attribute,,
142467,pizza party,pizza-party,0,142463,142467,post_tag,,0,2,AR Attribute,,
229495,pizza sauces,pizza-sauces,0,229491,229495,post_tag,,0,1,AR Attribute,,
45648,pizzas,pizzas,0,45644,45648,post_tag,,0,2,AR Attribute,,
294,Planning,planning,0,294,294,post_tag,,0,12,AR Attribute,,
652,Plum,plum,0,652,652,post_tag,,0,2,AR Attribute,,
830,poached,poached,0,830,830,post_tag,,0,3,AR Attribute,,
8391,Poker Party,poker-party,0,8391,8391,post_tag,,0,1,AR Attribute,,
40059,poland,poland,0,40055,40059,post_tag,,0,1,AR Attribute,,
14779,polenta,polenta,0,14779,14779,post_tag,,0,1,AR Attribute,,
62688,polynesia,polynesia,0,62684,62688,post_tag,,0,1,AR Attribute,,
27468,pomegranate,pomegranate,0,27464,27468,post_tag,,0,3,AR Attribute,,
949,pool party,pool-party,0,949,949,post_tag,,0,1,AR Attribute,,
347,Popcorn,popcorn,0,347,347,post_tag,,0,6,AR Attribute,,
795,Poppyseed Salad Dressing,poppyseed-salad-dressing,0,795,795,post_tag,,0,1,AR Attribute,,
8397,Porcini Mushrooms,porcini-mushrooms,0,8397,8397,post_tag,,0,1,AR Attribute,,
509,Pork,pork,0,509,509,post_tag,,0,17,AR Attribute,,
889,Pork - Main Dishes Only,pork-main-dishes-only,0,889,889,ar_ad_channel,,0,26,AR Attribute,,
460,Pork Chop,pork-chop,0,460,460,post_tag,,0,6,Map,pork chops,789
789,pork chops,pork-chops,0,789,789,post_tag,,0,8,AR Attribute,,
633,Pork Loin,pork-loin,0,633,633,post_tag,,0,4,AR Attribute,,
219864,pork ribs,pork-ribs,0,219860,219864,post_tag,,0,1,AR Attribute,,
459,Pork Roast,pork-roast,0,459,459,post_tag,,0,4,AR Attribute,,
757,Pork Sausage,pork-sausage,0,757,757,post_tag,,0,3,AR Attribute,,
729,Pork Shoulder,pork-shoulder,0,729,729,post_tag,,0,4,AR Attribute,,
458,Pork Tenderloin,pork-tenderloin,0,458,458,post_tag,,0,6,AR Attribute,,
8398,Portobello Mushrooms,portobello-mushrooms,0,8398,8398,post_tag,,0,1,AR Attribute,,
906,Portugal,portugal,0,906,906,post_tag,,0,1,AR Attribute,,
664,Pot Pies,pot-pies,0,664,664,post_tag,,0,5,AR Attribute,,
303,Potato,potato,0,303,303,post_tag,,0,19,AR Attribute,,
704,Potato French Fries,potato-french-fries,0,704,704,post_tag,,0,8,AR Attribute,,
697,Potato Pancakes & Latkes,potato-pancakes-latkes,0,697,697,post_tag,,0,4,AR Attribute,,
534,Potato Salad,potato-salad,0,534,534,post_tag,,0,4,AR Attribute,,
129,potato side dishes,potato-side-dishes,0,129,129,post_tag,,0,13,AR Attribute,,
696,Potato Soup,potato-soup,0,696,696,post_tag,,0,3,AR Attribute,,
130,potatoes,potatoes,0,130,130,post_tag,,0,8,Map,potato,303
186,potluck,potluck,0,186,186,post_tag,,0,14,AR Attribute,,
401,Potlucks,potlucks,0,401,401,post_tag,,0,4,Map,potluck,186
29487,poultry,poultry,0,29483,29487,post_tag,,0,2,AR Attribute,,
694,Poultry Baked Chicken,poultry-baked-chicken,0,694,694,post_tag,,0,5,AR Attribute,,
610,Poultry Chicken Parmesan,poultry-chicken-parmesan,0,610,610,post_tag,,0,2,AR Attribute,,
702,Poultry Fried Chicken,poultry-fried-chicken,0,702,702,post_tag,,0,4,AR Attribute,,
465,Poultry Main Dishes,poultry-main-dishes,0,465,465,post_tag,,0,22,AR Attribute,,
706,Poultry Soup,poultry-soup,0,706,706,post_tag,,0,2,AR Attribute,,
445,Pound Cake,pound-cake,0,445,445,post_tag,,0,1,AR Attribute,,
286,Prep and Storage,prep-and-storage,0,286,286,post_tag,,0,46,AR Attribute,,
34587,prepared food,prepared-food,0,34583,34587,post_tag,,0,1,AR Attribute,,
77519,prepared sauces,prepared-sauces,0,77515,77519,post_tag,,0,1,AR Attribute,,
753,Prepared Soup,prepared-soup,0,753,753,post_tag,,0,2,AR Attribute,,
100725,prepared spreads,prepared-spreads,0,100721,100725,post_tag,,0,1,AR Attribute,,
31579,pressure cooker,pressure-cooker,0,31575,31579,post_tag,,0,4,AR Attribute,,
535,Prime Rib,prime-rib,0,535,535,post_tag,,0,6,AR Attribute,,
1158,probiotic,probiotic,0,1158,1158,post_tag,,0,4,AR Attribute,,
49716,probiotics,probiotics,0,49712,49716,post_tag,,0,3,Map,probiotic,1158
725,Professional,professional,0,725,725,post_tag,,0,1,AR Attribute,,
81845,profile,profile,0,81841,81845,post_tag,,0,1,AR Attribute,,
43909,puddiing,puddiing,0,43905,43909,post_tag,,0,2,Map,pudding,921
921,Pudding,pudding,0,921,921,post_tag,,0,2,AR Attribute,,
581,Puddings,puddings,0,581,581,post_tag,,0,1,Map,pudding,921
39991,puding,puding,0,39987,39991,post_tag,,0,1,Map,pudding,921
1175,Puerto Rico,puerto-rico,0,1175,1175,post_tag,,0,1,AR Attribute,,
947,Puff Pastry,puff-pastry,0,947,947,post_tag,,0,7,AR Attribute,,
103,pumpkin,pumpkin,0,103,103,post_tag,,0,21,AR Attribute,,
16082,pumpkin bread,pumpkin-bread,0,16082,16082,post_tag,,0,4,AR Attribute,,
710,Pumpkin Pie,pumpkin-pie,0,710,710,post_tag,,0,4,AR Attribute,,
120,pumpkin seeds,pumpkin-seeds,0,120,120,post_tag,,0,0,AR Attribute,,
95999,punch without alcohol,punch-without-alcohol,0,95995,95999,post_tag,,0,3,AR Attribute,,
45489,quesadilla,quesadilla,0,45485,45489,post_tag,,0,2,AR Attribute,,
737,quiche,quiche,0,737,737,post_tag,,0,5,AR Attribute,,
51558,quick,quick,0,51554,51558,post_tag,,0,3,Map,5 to 30 Minutes,608
940,Quick & East,quick-east,0,940,940,post_tag,,0,1,Map,Quick and Easy,890
545,Quick & Easy,quick-easy,0,545,545,post_tag,,0,14,Map,Quick and Easy,890
890,Quick and Easy,quick-and-easy,0,890,890,ar_ad_channel,,0,78,AR Attribute,,
79,quick and easy,quick-and-easy,0,79,79,post_tag,,0,108,AR Attribute,,
590,Quick Breads,quick-breads,0,590,590,post_tag,,0,7,AR Attribute,,
623,Quinoa,quinoa,0,623,623,post_tag,,0,13,AR Attribute,,
673,Radicchio,radicchio,0,673,673,post_tag,,0,1,AR Attribute,,
224892,radish,radish,0,224888,224892,post_tag,,0,1,AR Attribute,,
62686,radishes,radishes,0,62682,62686,post_tag,,0,1,Map,radish,224888
229487,raisin,raisin,0,229483,229487,post_tag,,0,1,AR Attribute,,
31619,raisins,raisins,0,31615,31619,post_tag,,0,1,Map,raisin,229483
856,Ramadan,ramadan,0,856,856,post_tag,,0,2,AR Attribute,,
18552,ramen,ramen,0,18552,18552,post_tag,,0,1,Map,ramen noodles,818
818,Ramen Noodles,ramen-noodles,0,818,818,post_tag,,0,3,AR Attribute,,
585,Raspberry,raspberry,0,585,585,post_tag,,0,3,AR Attribute,,
1125,Ravioli,ravioli,0,1125,1125,post_tag,,0,2,Map,ravioli pasta,75108
75112,ravioli pasta,ravioli-pasta,0,75108,75112,post_tag,,0,1,AR Attribute,,
685,Raw,raw,0,685,685,post_tag,,0,5,AR Attribute,,
611,Raw Food Diet,raw-food-diet,0,611,611,post_tag,,0,4,AR Attribute,,
891,Recipe,recipe,0,891,891,ar_ad_channel,,0,82,AR Attribute,,
75,recipe,recipe,0,75,75,post_tag,,0,18,Map,recipe,891
68,Recipe Inspiration,recipe-ideas,0,68,68,category,Recipe ideas for any situation.,0,1014,Question,,
27453,recipes,recipes,0,27449,27453,post_tag,,0,29,Map,recipe,891
605,Red Wine,red-wine,0,605,605,post_tag,,0,22,AR Attribute,,
281,Reference,reference,0,281,281,post_tag,,0,10,AR Attribute,,
115394,refrigerated biscuit dough,refrigerated-biscuit-dough,0,115390,115394,post_tag,,0,1,AR Attribute,,
25567,regular,regular,0,25563,25567,module_width,,0,80,Question,,
27466,relish,relish,0,27462,27466,post_tag,,0,2,AR Attribute,,
427,Retro Recipes,retro-recipes,0,427,427,post_tag,,0,7,AR Attribute,,
182,rhubarb,rhubarb,0,182,182,post_tag,,0,4,AR Attribute,,
100731,ribs,ribs,0,100727,100731,post_tag,,0,1,AR Attribute,,
136,rice,rice,0,136,136,post_tag,,0,16,AR Attribute,,
892,Rice - Side Dishes Only,rice-side-dishes-only,0,892,892,ar_ad_channel,,0,10,AR Attribute,,
848,rice cooker,rice-cooker,0,848,848,post_tag,,0,3,AR Attribute,,
1170,Rice noodles,rice-noodles,0,1170,1170,post_tag,,0,1,AR Attribute,,
922,Rice Pudding,rice-pudding,0,922,922,post_tag,,0,3,AR Attribute,,
135,rice side dishes,rice-side-dishes,0,135,135,post_tag,,0,2,AR Attribute,,
49707,ricotta,ricotta,0,49703,49707,post_tag,,0,1,Map,ricotta cheese,229496
229500,Ricotta Cheese,ricotta-cheese,0,229496,229500,post_tag,,0,1,AR Attribute,,
923,Risotto,risotto,0,923,923,post_tag,,0,5,AR Attribute,,
449,Roasted,roasted,0,449,449,post_tag,,0,14,AR Attribute,,
120744,roasted-potatoes,roasted-potatoes,0,120740,120744,post_tag,,0,2,AR Attribute,,
373,Roasting,roasting,0,373,373,post_tag,,0,3,Map,roasted,449
448,Roasting Pan,roasting-pan,0,448,448,post_tag,,0,2,AR Attribute,,
1104,Roasts,roasts,0,1104,1104,post_tag,,0,1,Map,meat roasts,461
319,Rolled Oats,rolled-oats,0,319,319,post_tag,,0,4,Map,oat,1162
45659,rolls,rolls,0,45655,45659,post_tag,,0,1,Map,Bread Rolls & Buns,815
598,Romaine,romaine,0,598,598,post_tag,,0,1,AR Attribute,,
59028,root beer,root-beer,0,59024,59028,post_tag,,0,1,AR Attribute,,
403,Root Vegetables,root-vegetables,0,403,403,post_tag,,0,6,AR Attribute,,
1087,rosemary,rosemary,0,1087,1087,post_tag,,0,3,AR Attribute,,
1131,Rosh Hashanah,rosh-hashanah,0,1131,1131,post_tag,,0,2,AR Attribute,,
27462,row,row,0,27458,27462,layout_type,,0,13,Question,,
814,Rubs,rubs,0,814,814,post_tag,,0,2,AR Attribute,,
167,rum,rum,0,167,167,post_tag,,0,7,AR Attribute,,
41898,russia,russia,0,41894,41898,post_tag,,0,2,AR Attribute,,
158583,rye,rye,0,158579,158583,post_tag,,0,1,AR Attribute,,
834,Rye Bread,rye-bread,0,834,834,post_tag,,0,1,AR Attribute,,
1091,saffron,saffron,0,1091,1091,post_tag,,0,2,AR Attribute,,
1088,Sage,sage,0,1088,1088,post_tag,,0,1,AR Attribute,,
1103,Salad,salad,0,1103,1103,post_tag,,0,11,Map,salads,893
755,Salad Dressings,salad-dressings,0,755,755,post_tag,,0,10,AR Attribute,,
108098,salad toppings,salad-toppings,0,108094,108098,post_tag,,0,2,AR Attribute,,
893,Salads,salads,0,893,893,ar_ad_channel,,0,37,AR Attribute,,
134,salads,salads,0,134,134,post_tag,,0,26,AR Attribute,,
700,Salmon,salmon,0,700,700,post_tag,,0,18,AR Attribute,,
126,salsa,salsa,0,126,126,post_tag,,0,8,AR Attribute,,
842,Salty Flavor,salty-flavor,0,842,842,post_tag,,0,4,AR Attribute,,
353,Sandwich,sandwich,0,353,353,post_tag,,0,7,Map,sandwiches,107
1150,sandwich cookies,sandwich-cookies,0,1150,1150,post_tag,,0,2,AR Attribute,,
107,sandwiches,sandwiches,0,107,107,post_tag,,0,22,AR Attribute,,
894,Sandwiches/Wraps,sandwiches-wraps,0,894,894,ar_ad_channel,,0,24,AR Attribute,,
895,Sauces,sauces,0,895,895,ar_ad_channel,,0,13,AR Attribute,,
516,Sauces,sauces,0,516,516,post_tag,,0,14,AR Attribute,,
137,sauces & condiments,sauces-condiments,0,137,137,post_tag,,0,3,Map,sauces,895
665,Sauerkraut,sauerkraut,0,665,665,post_tag,,0,4,AR Attribute,,
150,sausage,sausage,0,150,150,post_tag,,0,5,Map,Sausage - Main Dishes Only,896
896,Sausage - Main Dishes Only,sausage-main-dishes-only,0,896,896,ar_ad_channel,,0,5,AR Attribute,,
663,Sauteed,sauteed,0,663,663,post_tag,,0,12,AR Attribute,,
66,Save Money,save-money-budget,0,66,66,category,Food that wows your palate and stretches your budget. ,0,129,Question,,
67,Save Time,save-time-efficiency,0,67,67,category,When you needed to eat five minutes ago.,0,145,Question,,
27351,savory,savory,0,27347,27351,post_tag,,0,2,Map,savory flavor,582
582,Savory Flavor,savory-flavor,0,582,582,post_tag,,0,10,AR Attribute,,
207937,Savory Pies,savory-pies,0,207933,207937,post_tag,,0,1,AR Attribute,,
703,Savory Snack Popcorn,savory-snack-popcorn,0,703,703,post_tag,,0,5,AR Attribute,,
229492,scalloped potatoes,scalloped-potatoes,0,229488,229492,post_tag,,0,1,AR Attribute,,
655,Scallops,scallops,0,655,655,post_tag,,0,4,AR Attribute,,
918,scones,scones,0,918,918,post_tag,,0,5,AR Attribute,,
165,scrambled eggs,scrambled-eggs,0,165,165,post_tag,,0,3,AR Attribute,,
242,Seafood,seafood,0,242,242,post_tag,,0,19,Map,Seafood - Main Dishes Only,897
897,Seafood - Main Dishes Only,seafood-main-dishes-only,0,897,897,ar_ad_channel,,0,32,AR Attribute,,
139,seafood main dishes,seafood-main-dishes,0,139,139,post_tag,,0,23,AR Attribute,,
100962,seafood salad,seafood-salad,0,100958,100962,post_tag,,0,1,AR Attribute,,
100554,seafood salad/tuna salad,seafood-saladtuna-salad,0,100550,100554,post_tag,,0,2,AR Attribute,,
506,Seared,seared,0,506,506,post_tag,,0,5,AR Attribute,,
95986,seasonal,seasonal,0,95982,95986,post_tag,,0,1,Map,Seasonal Features,439
75090,seasonal feature,seasonal-feature,0,75086,75090,post_tag,,0,1,Map,Seasonal Features,439
439,Seasonal Features,seasonal-features,0,439,439,post_tag,,0,50,AR Attribute,,
215526,seasonality,seasonality,0,215522,215526,post_tag,,0,1,AR Attribute,,
658,Seasoned Nuts,seasoned-nuts,0,658,658,post_tag,,0,1,AR Attribute,,
131453,seasoning mixes,seasoning-mixes,0,131449,131453,post_tag,,0,3,AR Attribute,,
844,Seasonings,seasonings,0,844,844,post_tag,,0,4,AR Attribute,,
27464,section,section,0,27460,27464,layout_type,,0,12,Question,,
119,seeds,seeds,0,119,119,post_tag,,0,1,AR Attribute,,
141330,shallot,shallot,0,141326,141330,post_tag,,0,1,AR Attribute,,
783,shaped pasta,shaped-pasta,0,783,783,post_tag,,0,2,AR Attribute,,
49683,sheet cake,sheet-cake,0,49679,49683,post_tag,,0,1,AR Attribute,,
195,Shellfish,shellfish,0,195,195,post_tag,,0,6,AR Attribute,,
73438,sherbet,sherbet,0,73434,73438,post_tag,,0,1,AR Attribute,,
1078,Sherry,sherry,0,1078,1078,post_tag,,0,2,AR Attribute,,
8399,Shiitake Mushrooms,shiitake-mushrooms,0,8399,8399,post_tag,,0,1,AR Attribute,,
526,Shortbread,shortbread,0,526,526,post_tag,,0,1,Map,shortbread-cookies,100100
100104,shortbread-cookies,shortbread-cookies,0,100100,100104,post_tag,,0,2,AR Attribute,,
444,Shortening,shortening,0,444,444,post_tag,,0,2,Map,fats and oils,322
443,Shower,shower,0,443,443,post_tag,,0,5,AR Attribute,,
53283,shrimp,shrimp,0,53279,53283,post_tag,,0,2,Map,Shrimp & Prawns,433
433,Shrimp & Prawns,shrimp-prawns,0,433,433,post_tag,,0,9,AR Attribute,,
898,Side Dish,side-dish,0,898,898,ar_ad_channel,,0,27,AR Attribute,,
121,side dishes,side-dishes,0,121,121,post_tag,,0,23,AR Attribute,,
29493,side-dish,side-dish,0,29489,29493,post_tag,,0,4,Map,side dishes,121
486,Simmered,simmered,0,486,486,post_tag,,0,7,AR Attribute,,
924,Simple Syrup,simple-syrup,0,924,924,post_tag,,0,1,AR Attribute,,
497,Skewers,skewers,0,497,497,post_tag,,0,3,AR Attribute,,
149,skillet,skillet,0,149,149,post_tag,,0,1,AR Attribute,,
772,Skirt Steak,skirt-steak,0,772,772,post_tag,,0,3,AR Attribute,,
302,Slaws,slaws,0,302,302,post_tag,,0,5,AR Attribute,,
682,Sloppy Joes,sloppy-joes,0,682,682,post_tag,,0,2,AR Attribute,,
41863,slovenia,slovenia,0,41859,41863,post_tag,,0,2,AR Attribute,,
151,slow cooker,slow-cooker,0,151,151,post_tag,,0,39,AR Attribute,,
147058,slow cookers,slow-cookers,0,147054,147058,post_tag,,0,1,Map,slow cooker,151
96000,slushies without alcohol,slushies-without-alcohol,0,95996,96000,post_tag,,0,1,AR Attribute,,
730,Smoked,smoked,0,730,730,post_tag,,0,5,AR Attribute,,
49667,smoked salmon,smoked-salmon,0,49663,49667,post_tag,,0,2,AR Attribute,,
271,Smooth Texture,smooth-texture,0,271,271,post_tag,,0,2,AR Attribute,,
229,Smoothies,smoothies,0,229,229,post_tag,,0,8,AR Attribute,,
417,Snack,snack,0,417,417,post_tag,,0,34,AR Attribute,,
716,snack chips,snack-chips,0,716,716,post_tag,,0,5,AR Attribute,,
168,snacks,snacks,0,168,168,post_tag,,0,17,Map,snack,417
382,Snacks and Chips,snacks-and-chips,0,382,382,post_tag,,0,6,AR Attribute,,
224885,Soba Noodles,soba-noodles,0,224881,224885,post_tag,,0,1,AR Attribute,,
40152,soccer,soccer,0,40148,40152,post_tag,,0,17,AR Attribute,,
803,Soda Bread,soda-bread,0,803,803,post_tag,,0,4,AR Attribute,,
925,Sorbet,sorbet,0,925,925,post_tag,,0,1,AR Attribute,,
45669,sorghum,sorghum,0,45665,45669,post_tag,,0,2,AR Attribute,,
83064,Soul Food,soul-food,0,83060,83064,post_tag,,0,1,AR Attribute,,
913,Soup,soup,0,913,913,post_tag,,0,15,Map,soups & stews,114
114,soups & stews,soups-stews,0,114,114,post_tag,,0,20,AR Attribute,,
495,Soups and Stews,soups-and-stews,0,495,495,post_tag,,0,13,Map,soups & stews,114
899,"Soups, Stews, Chili",soups-stews-chili,0,899,899,ar_ad_channel,,0,46,AR Attribute,,
951,Sourdough,sourdough,0,951,951,post_tag,,0,2,AR Attribute,,
42274,sour-dough,sour-dough,0,42270,42274,post_tag,,0,2,Map,sourdough,951
599,South,south,0,599,599,post_tag,,0,5,AR Attribute,,
731,South Carolina,south-carolina,0,731,731,post_tag,,0,1,AR Attribute,,
1164,south central asia,south-central-asia,0,1164,1164,post_tag,,0,3,AR Attribute,,
45370,southern,southern,0,45366,45370,post_tag,,0,2,map,Southern Cooking,41
41,Southern Cooking,southern-cooking,0,41,41,post_tag,,0,13,AR Attribute,,
45576,southern recipe,southern-recipe,0,45572,45576,post_tag,,0,1,Map,Southern Cooking,41
210,Southern Recipes,southern-recipes,0,210,210,post_tag,,0,6,Map,Southern Cooking,41
351,Southwest,southwest,0,351,351,post_tag,,0,3,AR Attribute,,
38965,soy,soy,0,38961,38965,post_tag,,0,1,AR Attribute,,
48869,soy milk,soy-milk,0,48865,48869,post_tag,,0,1,AR Attribute,,
959,soybean,soybean,0,959,959,post_tag,,0,1,AR Attribute,,
83103,spa party,spa-party,0,83099,83103,post_tag,,0,1,AR Attribute,,
776,Spaghetti,spaghetti,0,776,776,post_tag,,0,2,AR Attribute,,
568,Spaghetti Squash,spaghetti-squash,0,568,568,post_tag,,0,5,AR Attribute,,
905,Spain,spain,0,905,905,post_tag,,0,5,AR Attribute,,
158581,spelt,spelt,0,158577,158581,post_tag,,0,1,AR Attribute,,
128265,spice blend,spice-blend,0,128261,128265,post_tag,,0,2,Map,homemade spice blend,131448
558,Spices,spices,0,558,558,post_tag,,0,8,AR Attribute,,
110,spices & seasonings,spices-seasonings,0,110,110,post_tag,,0,4,Map,Spices,558
613,Spicy Flavor,spicy-flavor,0,613,613,post_tag,,0,9,AR Attribute,,
215530,spicy food,spicy-food,0,215526,215530,post_tag,,0,2,Map,Spicy flavor,613
672,Spinach,spinach,0,672,672,post_tag,,0,7,AR Attribute,,
83315,spiralizer,spiralizer,0,83311,83315,post_tag,,0,1,AR Attribute,,
546,Split Pea,split-pea,0,546,546,post_tag,,0,1,AR Attribute,,
547,Split Pea Soup,split-pea-soup,0,547,547,post_tag,,0,4,AR Attribute,,
926,Sponge Cake,sponge-cake,0,926,926,post_tag,,0,2,AR Attribute,,
597,Spring,spring,0,597,597,post_tag,,0,19,AR Attribute,,
29466,springerle cookies,springerle-cookies,0,29462,29466,post_tag,,0,1,AR Attribute,,
29464,spritz cookies,spritz-cookies,0,29460,29464,post_tag,,0,1,AR Attribute,,
565,Squash,squash,0,565,565,post_tag,,0,9,AR Attribute,,
328,St. Patrick's Day,st-patricks-day,0,328,328,post_tag,,0,13,AR Attribute,,
193,Star Gazing,star-gazing,0,193,193,post_tag,,0,1,AR Attribute,,
157,steak,steak,0,157,157,post_tag,,0,9,Map,meat steaks,494
260,Steamed,steamed,0,260,260,post_tag,,0,4,AR Attribute,,
27454,steamer,steamer,0,27450,27454,post_tag,,0,1,AR Attribute,,
48959,stew,stew,0,48955,48959,post_tag,,0,1,AR Attribute,,
49233,stinging nettles,stinging-nettles,0,49229,49233,post_tag,,0,1,Map,nettles,49228
744,stir-fried,stir-fried,0,744,744,post_tag,,0,4,AR Attribute,,
124,stir-fry,stir-fry,0,124,124,post_tag,,0,3,Map,stir-fried,744
784,Stir-Fry Main Dishes,stir-fry-main-dishes,0,784,784,post_tag,,0,4,AR Attribute,,
57976,stock,stock,0,57972,57976,post_tag,,0,1,Map,Broth and Stock,501
277,Stovetop,stovetop,0,277,277,post_tag,,0,32,AR Attribute,,
810,strand and ribbon pasta,strand-and-ribbon-pasta,0,810,810,post_tag,,0,2,AR Attribute,,
471,Strawberries,strawberries,0,471,471,post_tag,,0,7,Map,strawberry,584
584,Strawberry,strawberry,0,584,584,post_tag,,0,6,AR Attribute,,
29473,stuffed,stuffed,0,29469,29473,post_tag,,0,1,AR Attribute,,
75111,stuffed pasta,stuffed-pasta,0,75107,75111,post_tag,,0,1,AR Attribute,,
31618,stuffed-mushrooms,stuffed-mushrooms,0,31614,31618,post_tag,,0,2,AR Attribute,,
29486,stuffing,stuffing,0,29482,29486,post_tag,,0,4,Map,stuffing & dressing,122
122,stuffing & dressing,stuffing-dressing,0,122,122,post_tag,,0,4,AR Attribute,,
317,Sugar,sugar,0,317,317,post_tag,,0,7,AR Attribute,,
309,Sugar cookies,sugar-cookies,0,309,309,post_tag,,0,4,AR Attribute,,
75087,sugar snap pea,sugar-snap-pea,0,75083,75087,post_tag,,0,1,AR Attribute,,
75086,sugar snap peas,sugar-snap-peas,0,75082,75086,post_tag,,0,1,Map,sugar snap pea,75083
440,Sugar-Free,sugar-free,0,440,440,post_tag,,0,3,AR Attribute,,
42,summer,summer,0,42,42,post_tag,,0,95,AR Attribute,,
234,Summer Squash,summer-squash,0,234,234,post_tag,,0,5,AR Attribute,,
141935,sunchokes,sunchokes,0,141931,141935,post_tag,,0,1,AR Attribute,,
483,Super Bowl,super-bowl,0,483,483,post_tag,,0,19,AR Attribute,,
325,Sushi,sushi,0,325,325,post_tag,,0,6,AR Attribute,,
8422,Sweden,sweden,0,8422,8422,post_tag,,0,2,AR Attribute,,
41152,sweet,sweet,0,41148,41152,post_tag,,0,3,Map,sweet flavor,791
34585,sweet and sour flavor,sweet-and-sour-flavor,0,34581,34585,post_tag,,0,1,AR Attribute,,
791,sweet flavor,sweet-flavor,0,791,791,post_tag,,0,2,AR Attribute,,
221216,sweet life,sweet-life,0,221212,221216,post_tag,,0,13,Editorial Attribute,,
245,Sweet Peppers,sweet-peppers,0,245,245,post_tag,,0,3,Map,peppers,1101
108751,sweet potato,sweet-potato,0,108747,108751,post_tag,,0,3,AR Attribute,,
952,Sweet Potatoes,sweet-potatoes,0,952,952,post_tag,,0,5,Map,sweet potato,108747
73533,syrups,syrups,0,73529,73533,post_tag,,0,2,AR Attribute,,
14778,szechuan,szechuan,0,14778,14778,post_tag,,0,1,AR Attribute,,
637,Tacos,tacos,0,637,637,post_tag,,0,11,AR Attribute,,
402,Tailgating,tailgating,0,402,402,post_tag,,0,21,AR Attribute,,
928,Tamales,tamales,0,928,928,post_tag,,0,3,AR Attribute,,
736,tangy flavor,tangy-flavor,0,736,736,post_tag,,0,1,AR Attribute,,
1113,Tapas,tapas,0,1113,1113,post_tag,,0,3,AR Attribute,,
1089,Tarragon,tarragon,0,1089,1089,post_tag,,0,0,AR Attribute,,
31621,tarts,tarts,0,31617,31621,post_tag,,0,1,Map,Pies and Tarts,211
49718,Tasting Panel,tasting-panel,0,49714,49718,category,Our panel of experts tastes everything and shares its top picks.,2,8,Question,,
51613,tea,tea,0,51609,51613,post_tag,,0,1,AR Attribute,,
51614,tea party,tea-party,0,51610,51614,post_tag,,0,1,AR Attribute,,
732,Tennessee,tennessee,0,732,732,post_tag,,0,1,AR Attribute,,
551,Tequila,tequila,0,551,551,post_tag,,0,7,AR Attribute,,
246,Texas,texas,0,246,246,post_tag,,0,5,AR Attribute,,
49684,Texas Sheet Cake,texas-sheet-cake,0,49680,49684,post_tag,,0,1,Map,sheet cake,49679
113,thanksgiving,thanksgiving,0,113,113,post_tag,,0,86,AR Attribute,,
900,Thanksgiving - Advice/Hubs,thanksgiving-advice-hubs,0,900,900,ar_ad_channel,,0,57,AR Attribute,,
508,Theme Parties,theme-parties,0,508,508,post_tag,,0,10,AR Attribute,,
855,Theme Party,theme-party,0,855,855,post_tag,,0,5,Map,theme parties,508
563,Thermometer,thermometer,0,563,563,post_tag,,0,1,AR Attribute,,
1090,thyme,thyme,0,1090,1090,post_tag,,0,2,AR Attribute,,
51605,tips,tips,0,51601,51605,post_tag,,0,3,Map,cooking tips,283
78,tips & tricks,tips-tricks,0,78,78,post_tag,,0,5,Map,cooking tips,283
217,Tips and Advice,tips-and-advice,0,217,217,post_tag,,0,4,Map,cooking tips,283
69,Tips and How-Tos,how-to-cook,0,69,69,category,Up your cooking game with our how-to articles and tips.,0,811,Question,,
146013,tiramisu,tiramisu,0,146009,146013,post_tag,,0,1,AR Attribute,,
108710,toaster,toaster,0,108706,108710,post_tag,,0,0,AR Attribute,,
209298,Toaster Oven,toaster-oven,0,209294,209298,post_tag,,0,1,AR Attribute,,
425,Tofu,tofu,0,425,425,post_tag,,0,6,AR Attribute,,
669,Tomato,tomato,0,669,669,post_tag,,0,12,AR Attribute,,
487,Tomato Pasta Sauces,tomato-pasta-sauces,0,487,487,post_tag,,0,7,AR Attribute,,
752,Tomato Soup,tomato-soup,0,752,752,post_tag,,0,2,AR Attribute,,
95280,tomato/green tomatoes,tomatogreen-tomatoes,0,95276,95280,post_tag,,0,1,AR Attribute,,
127,tomatoes,tomatoes,0,127,127,post_tag,,0,13,Map,tomato,669
741,Tong,tong,0,741,741,post_tag,,0,1,AR Attribute,,
833,toppings,toppings,0,833,833,post_tag,,0,1,AR Attribute,,
707,Tortilla Soup,tortilla-soup,0,707,707,post_tag,,0,2,AR Attribute,,
821,Tortillas,tortillas,0,821,821,post_tag,,0,4,AR Attribute,,
356,Traditional,traditional,0,356,356,post_tag,,0,31,AR Attribute,,
324,Travel,travel,0,324,324,post_tag,,0,7,AR Attribute,,
432,Tropical,tropical,0,432,432,post_tag,,0,2,AR Attribute,,
8400,Truffle Mushrooms,truffle-mushrooms,0,8400,8400,post_tag,,0,1,AR Attribute,,
266,Truffles,truffles,0,266,266,post_tag,,0,1,Map,chocolate candy,100166
18555,tuna,tuna,0,18555,18555,post_tag,,0,3,AR Attribute,,
45497,tuna melt,tuna-melt,0,45493,45497,post_tag,,0,1,Map,sandwiches,107
954,Turban Squash,turban-squash,0,954,954,post_tag,,0,1,Map,squash,565
274,Turkey,turkey,0,274,274,post_tag,,0,29,AR Attribute,,
901,Turkey - Main Dishes Only,turkey-main-dishes-only,0,901,901,ar_ad_channel,,0,15,AR Attribute,,
649,Turmeric,turmeric,0,649,649,post_tag,,0,4,AR Attribute,,
142556,Turnip,turnip,0,142552,142556,post_tag,,0,1,AR Attribute,,
142555,Turnip Greens,turnip-greens,0,142551,142555,post_tag,,0,1,AR Attribute,,
120186,tv dinners,tv-dinners,0,120182,120186,post_tag,,0,1,AR Attribute,,
134331,tyrel,tyrel,0,134327,134331,layout_category,,0,2,Question,,
345,Udon Noodles,udon-noodles,0,345,345,post_tag,,0,1,AR Attribute,,
1176,Ukraine,ukraine,0,1176,1176,post_tag,,0,2,AR Attribute,,
1171,USA,usa,0,1171,1171,post_tag,,0,2,AR Attribute,,
408,Valentine's Day,valentines-day,0,408,408,post_tag,,0,13,AR Attribute,,
902,Valentine's Day - Advice/Hubs,valentines-day-advice-hubs,0,902,902,ar_ad_channel,,0,8,AR Attribute,,
616,Vanilla,vanilla,0,616,616,post_tag,,0,1,Map,vanilla bean,8516
8516,vanilla bean,vanilla-bean,0,8516,8516,post_tag,,0,1,AR Attribute,,
689,Veal,veal,0,689,689,post_tag,,0,2,AR Attribute,,
365,Vegan,vegan,0,365,365,post_tag,,0,27,AR Attribute,,
853,vegetable,vegetable,0,853,853,post_tag,,0,2,AR Attribute,,
122696,vegetable bread,vegetable-bread,0,122692,122696,post_tag,,0,1,AR Attribute,,
412,Vegetable Salad,vegetable-salad,0,412,412,post_tag,,0,6,AR Attribute,,
146,vegetable side dishes,vegetable-side-dishes,0,146,146,post_tag,,0,11,AR Attribute,,
708,Vegetable Soups,vegetable-soups,0,708,708,post_tag,,0,4,AR Attribute,,
73536,vegetable state,vegetable-state,0,73532,73536,post_tag,,0,5,AR Attribute,,
147,vegetables,vegetables,0,147,147,post_tag,,0,9,Map,vegetable,853
903,Vegetarian,vegetarian,0,903,903,ar_ad_channel,,0,77,AR Attribute,,
185,vegetarian,vegetarian,0,185,185,post_tag,,0,19,AR Attribute,,
788,Vegetarian Main Dishes,vegetarian-main-dishes,0,788,788,post_tag,,0,11,AR Attribute,,
48960,veggies,veggies,0,48956,48960,post_tag,,0,2,Map,vegetable,853
919,Venison,venison,0,919,919,post_tag,,0,3,AR Attribute,,
660,Vermouth,vermouth,0,660,660,post_tag,,0,1,AR Attribute,,
904,Video,video,0,904,904,ar_ad_channel,,0,17,AR Attribute,,
72,Video,video,0,72,72,post_tag,,0,16,Map,video,904
805,Vietnam,vietnam,0,805,805,post_tag,,0,2,AR Attribute,,
38987,vinaigrettes,vinaigrettes,0,38983,38987,post_tag,,0,2,AR Attribute,,
734,vinegar,vinegar,0,734,734,post_tag,,0,5,AR Attribute,,
771,Vinegar/Balsamic Vinegar,vinegarbalsamic-vinegar,0,771,771,post_tag,,0,2,AR Attribute,,
206,Vintage Recipes,vintage-recipes,0,206,206,post_tag,,0,4,AR Attribute,,
549,Vodka,vodka,0,549,549,post_tag,,0,8,AR Attribute,,
782,Waffle Maker,waffle-maker,0,782,782,post_tag,,0,4,AR Attribute,,
917,waffles,waffles,0,917,917,post_tag,,0,16,AR Attribute,,
31612,walnuts,walnuts,0,31608,31612,post_tag,,0,5,AR Attribute,,
62618,wasabi,wasabi,0,62614,62618,post_tag,,0,2,AR Attribute,,
192,Washington,washington,0,192,192,post_tag,,0,1,AR Attribute,,
51427,water chestnuts,water-chestnuts,0,51423,51427,post_tag,,0,1,AR Attribute,,
1144,watermelon,watermelon,0,1144,1144,post_tag,,0,6,AR Attribute,,
248,Wedding,wedding,0,248,248,post_tag,,0,7,AR Attribute,,
252,Wedding Cake,wedding-cake,0,252,252,post_tag,,0,4,Map,Wedding,248
176,weddings,weddings,0,176,176,post_tag,,0,3,Map,Wedding,248
236,Weeknight,weeknight,0,236,236,post_tag,,0,88,AR Attribute,,
49182,weight-loss,weight-loss,0,49178,49182,post_tag,,0,1,AR Attribute,,
40460,west,west,0,40456,40460,post_tag,,0,0,AR Attribute,,
1177,West Africa,west-africa,0,1177,1177,post_tag,,0,1,AR Attribute,,
100558,western europe,western-europe,0,100554,100558,post_tag,,0,1,AR Attribute,,
790,wheat,wheat,0,790,790,post_tag,,0,0,AR Attribute,,
376,Whipped Cream,whipped-cream,0,376,376,post_tag,,0,3,AR Attribute,,
264,whisk,whisk,0,264,264,post_tag,,0,3,AR Attribute,,
550,Whiskey,whiskey,0,550,550,post_tag,,0,15,AR Attribute,,
312,White Frostings,white-frostings,0,312,312,post_tag,,0,2,AR Attribute,,
749,white rice,white-rice,0,749,749,post_tag,,0,4,AR Attribute,,
695,White Sauces & Cream Sauces,white-sauces-cream-sauces,0,695,695,post_tag,,0,1,AR Attribute,,
596,White Wine,white-wine,0,596,596,post_tag,,0,22,AR Attribute,,
544,Whole Chicken,whole-chicken,0,544,544,post_tag,,0,5,AR Attribute,,
642,Whole Grain Bread,whole-grain-bread,0,642,642,post_tag,,0,3,AR Attribute,,
8392,Whole Grains,whole-grains,0,8392,8392,post_tag,,0,9,AR Attribute,,
538,Whole Ham,whole-ham,0,538,538,post_tag,,0,4,AR Attribute,,
447,Whole Turkey,whole-turkey,0,447,447,post_tag,,0,6,AR Attribute,,
641,Whole Wheat,whole-wheat,0,641,641,post_tag,,0,2,AR Attribute,,
8393,Wild Rice,wild-rice,0,8393,8393,post_tag,,0,2,AR Attribute,,
51,wine,wine,0,51,51,post_tag,,0,21,AR Attribute,,
556,Wine Drinks,wine-drinks,0,556,556,post_tag,,0,9,AR Attribute,,
374,Winter,winter,0,374,374,post_tag,,0,36,AR Attribute,,
14780,wok,wok,0,14780,14780,post_tag,,0,1,AR Attribute,,
122727,wraps,wraps,0,122723,122727,post_tag,,0,2,AR Attribute,,
678,Wraps and Rolls,wraps-and-rolls,0,678,678,post_tag,,0,3,AR Attribute,,
108750,yam,yam,0,108746,108750,post_tag,,0,2,AR Attribute,,
505,Yeast,yeast,0,505,505,post_tag,,0,8,AR Attribute,,
229493,yeast breads,yeast-breads,0,229489,229493,post_tag,,0,1,AR Attribute,,
475,Yogurt,yogurt,0,475,475,post_tag,,0,7,AR Attribute,,
238,Zucchini,zucchini,0,238,238,post_tag,,0,10,AR Attribute,,
955,Zucchini bread,zucchini-bread,0,955,955,post_tag,,0,4,AR Attribute,,