url,filepath,dcrpath,publish-date,keep,topic,type,title,description
http://www.beta.com/boardcomp/10-competency-based-governance.pdf,/boardcomp/10-competency-based-governance.pdf,not found,,Yes,Board Composition & Selection,,,
http://www.beta.com/boardcomp/archive/GB-2007-Winter-Developing-Diverse-Board-reprint.pdf,/boardcomp/archive/GB-2007-Winter-Developing-Diverse-Board-reprint.pdf,not found,1/1/07,Yes,Board Composition & Selection,,,
http://www.beta.com/boardcomp/archive/GB-update-2008-01.pdf,/boardcomp/archive/GB-update-2008-01.pdf,not found,1/1/08,Yes,Board Composition & Selection,,,
http://www.beta.com/boardcomp/archive/GI05_2.pdf,/boardcomp/archive/GI05_2.pdf,not found,1/1/05,Yes,Board Composition & Selection,,,
http://www.beta.com/boardcomp/bringing-competencies-to-governance.pdf,/boardcomp/bringing-competencies-to-governance.pdf,not found,1/1/17,Yes,Board Composition & Selection,,,
http://www.beta.com/boardcomp/brp-2009.pdf,/boardcomp/brp-2009.pdf,not found,1/1/09,Yes,Board Composition & Selection,,,
http://www.beta.com/boardcomp/center-voices-2-14.pdf,/boardcomp/center-voices-2-14.pdf,not found,1/1/14,Yes,Board Development,,,
http://www.beta.com/boardcomp/center-voices-2-15.pdf,/boardcomp/center-voices-2-15.pdf,not found,1/1/15,Yes,Board Composition & Selection,,,
http://www.beta.com/boardcomp/center-voices-6-13.pdf,/boardcomp/center-voices-6-13.pdf,not found,1/1/13,Yes,Board Composition & Selection,,,
http://www.beta.com/boardcomp/center-voices/2014/center-voices-9-14.pdf,/boardcomp/center-voices/2014/center-voices-9-14.pdf,not found,1/1/14,Yes,Board Composition & Selection,,,
http://www.beta.com/boardcomp/Policy_on_Board_Composition.PDF,/boardcomp/Policy_on_Board_Composition.PDF,not found,1/1/16,Yes,Board Composition & Selection,,,
http://www.beta.com/boardcomp/tools/competency-based-governance-tool-kit.pdf,/boardcomp/tools/competency-based-governance-tool-kit.pdf,not found,,Yes,Board Composition & Selection,,,
http://www.beta.com/boardcomp/tools/sample-application-for-membership.pdf,/boardcomp/tools/sample-application-for-membership.pdf,not found,1/1/05,Yes,Board Composition & Selection,,,
http://www.beta.com/boardcomp/tools/sample-board-chair-selection-process-guideline.pdf,/boardcomp/tools/sample-board-chair-selection-process-guideline.pdf,not found,1/1/05,Yes,Board Composition & Selection,,,
http://www.beta.com/boardcomp/tools/sample-director-recruitment-and-selection-process.pdf,/boardcomp/tools/sample-director-recruitment-and-selection-process.pdf,not found,1/1/05,Yes,Board Composition & Selection,,,
http://www.beta.com/boardcomp/tools/sample-director-recruitment-and-selection-process.pdf,/boardcomp/tools/sample-director-recruitment-and-selection-process.pdf,not found,1/1/05,Yes,Board Composition & Selection,,,
http://www.beta.com/boardcomp/web-rec/17mar-active-board-succession.shtml,/boardcomp/web-rec/17mar-active-board-succession.shtml,boardcomp/web-rec/17mar-active-board-succession,1/1/17,Yes,Board Composition & Selection,,,
http://www.beta.com/boardcomp/web-rec/achieving-best-fit-rec-nm.shtml,/boardcomp/web-rec/achieving-best-fit-rec-nm.shtml,boardcomp/web-rec/achieving-best-fit-rec-nm.dcr,,Yes,Board Composition & Selection,,,
http://www.beta.com/boardcomp/web-rec/board-members-rec-nm.shtml,/boardcomp/web-rec/board-members-rec-nm.shtml,boardcomp/web-rec/board-members-rec-nm,1/1/14,Yes,Board Composition & Selection,,,
http://www.beta.com/boardcomp/Workbook2011-01.pdf,/boardcomp/Workbook2011-01.pdf,not found,1/1/11,Yes,Board Composition & Selection,,,
http://www.beta.com/boardcomp/Workbook2012-07.pdf,/boardcomp/Workbook2012-07.pdf,not found,1/1/12,Yes,Board Composition & Selection,,,
http://www.beta.com/boardcomp/Workbook2016-01.pdf,/boardcomp/Workbook2016-01.pdf,not found,1/1/16,Yes,Board Composition & Selection,,,
http://www.beta.com/boardculture/archive/Effective_Governance_Principles.pdf,/boardculture/archive/Effective_Governance_Principles.pdf,not found,,Yes,Board Culture,,,
http://www.beta.com/boardculture/archive/GB-Summer07-Red-Rules.pdf,/boardculture/archive/GB-Summer07-Red-Rules.pdf,not found,,Yes,Board Culture,,,
http://www.beta.com/boardculture/archive/Great-Boards-fall-2008-reprint-distinguishing-governance-and-management.pdf,/boardculture/archive/Great-Boards-fall-2008-reprint-distinguishing-governance-and-management.pdf,not found,1/1/08,Yes,Board Culture,,,
http://www.beta.com/boardculture/archive/Great-Boards-reprint-Top_Ten_Practices_of_Great_Boards.pdf,/boardculture/archive/Great-Boards-reprint-Top_Ten_Practices_of_Great_Boards.pdf,not found,,Yes,Board Culture,,,
http://www.beta.com/boardculture/articles/mansfield-exhibit-1.shtml,/boardculture/articles/mansfield-exhibit-1.shtml,boardculture/articles/mansfield-exhibit-1-governance-leadership-management-grid,9/1/18,Yes,Board Culture,,,
http://www.beta.com/boardculture/articles/preserving-the-distinction-between-management-and-governance.shtml,/boardculture/articles/preserving-the-distinction-between-management-and-governance.shtml,boardculture/articles/preserving-the-distinction-between-management-and-governance.dcr,9/1/18,Yes,Board Culture,,,
http://www.beta.com/boardculture/center-voices-5-12.pdf,/boardculture/center-voices-5-12.pdf,not found,1/1/12,Yes,Board Culture,,,
http://www.beta.com/boardculture/center-voices-7-12.pdf,/boardculture/center-voices-7-12.pdf,not found,1/1/14,Yes,Board Culture,,,
http://www.beta.com/boardculture/center-voices-7-13.pdf,/boardculture/center-voices-7-13.pdf,not found,1/1/13,Yes,Board Culture,,,
http://www.beta.com/boardculture/email-beta-quarterly-totten-board.pdf,/boardculture/email-beta-quarterly-totten-board.pdf,not found,1/1/17,Yes,Board Culture,,,
http://www.beta.com/boardculture/Engaging-Millennials-in-Governance.pdf,/boardculture/Engaging-Millennials-in-Governance.pdf,not found,1/1/18,Yes,Board Composition & Selection,,,
http://www.beta.com/boardculture/Mansfield-TI-Sep2018exh2.pdf,/boardculture/Mansfield-TI-Sep2018exh2.pdf,not found,9/1/18,Yes,Board Culture,,,
http://www.beta.com/boardculture/web-rec/effective-decisions-part-2-rec-nm.shtml,/boardculture/web-rec/effective-decisions-part-2-rec-nm.shtml,boardculture/effective-decisions-part-2-rec-nm,,Yes,Board Culture,,,
http://www.beta.com/boardculture/web-rec/effective-decisions-rec-nm.shtml,/boardculture/web-rec/effective-decisions-rec-nm.shtml,boardculture/ac-effective-decisions-rec-nm,,Yes,Board Culture,,,
http://www.beta.com/boardculture/web-rec/importance-of-innovation.shtml,/boardculture/web-rec/importance-of-innovation.shtml,boardculture/importance-of-innovation,,Yes,Innovation,,,
http://www.beta.com/boarddev/archive/center-voices-2-11.pdf,/boarddev/archive/center-voices-2-11.pdf,not found,1/1/11,Yes,Board Development,,,
http://www.beta.com/boarddev/archive/GI08_1.pdf,/boarddev/archive/GI08_1.pdf,not found,1/1/08,Yes,Board Development,,,
http://www.beta.com/boarddev/archive/selecting_and_preparing_a_chair_elect.pdf,/boarddev/archive/selecting_and_preparing_a_chair_elect.pdf,not found,,Yes,Board Development,,,
http://www.beta.com/boarddev/archive/Succession_Planning_for_Board_Members.pdf,/boarddev/archive/Succession_Planning_for_Board_Members.pdf,not found,,Yes,Board Composition & Selection,,,
http://www.beta.com/boarddev/archive/Workbook2010-01.pdf,/boarddev/archive/Workbook2010-01.pdf,not found,1/1/10,Yes,Board Development,,,
http://www.beta.com/boarddev/GovernanceCollaborative.pdf,/boarddev/GovernanceCollaborative.pdf,not found,1/1/17,Yes,Board Development,,,
http://www.beta.com/boarddev/mhcgovernance.pdf,/boarddev/mhcgovernance.pdf,not found,1/1/16,Yes,Board Development,,,
http://www.beta.com/boarddev/tools/competency-based-development-succession-planning-tools.doc,/boarddev/tools/competency-based-development-succession-planning-tools.doc,#N/A,,No,Board Development,,,
http://www.beta.com/boarddev/web-rec/building-and-maintaining-your-best-board.shtml,/boarddev/web-rec/building-and-maintaining-your-best-board.shtml,boarddev/building-and- maintaining-your-best-board,1/1/17,Yes,Board Development,,,
http://www.beta.com/boarddev/Workbook2014-01.pdf,/boarddev/Workbook2014-01.pdf,not found,1/1/14,Yes,Board Development,,,
http://www.beta.com/boarddev/Workbook2015-07.pdf,/boarddev/Workbook2015-07.pdf,not found,1/1/15,Yes,Board Composition & Selection,,,
http://www.beta.com/boardeval/10-competency-based-governance.pdf,/boardeval/10-competency-based-governance.pdf,not found,1/1/10,Yes,Board Evaluation,,,
http://www.beta.com/boardeval/archive/chp_peer_assessment_resources.pdf,/boardeval/archive/chp_peer_assessment_resources.pdf,not found,,Yes,Board Evaluation,,,
http://www.beta.com/boardeval/archive/GI09_1.pdf,/boardeval/archive/GI09_1.pdf,not found,1/1/09,Yes,Board Evaluation,,,
http://www.beta.com/boardeval/archive/Great-Boards-reprint-Is_Your_Board_Bored_with_Self_Assessment.pdf,/boardeval/archive/Great-Boards-reprint-Is_Your_Board_Bored_with_Self_Assessment.pdf,not found,,Yes,Board Evaluation,,,
http://www.beta.com/boardeval/archive/Individual_Beta_Asssessment.pdf,/boardeval/archive/Individual_Beta_Asssessment.pdf,not found,,Yes,Board Evaluation,,,
http://www.beta.com/boardeval/archive/tools/competency-based-governance-tool-kit.pdf,/boardeval/archive/tools/competency-based-governance-tool-kit.pdf,not found,1/1/10,Yes,Board Evaluation,,,
http://www.beta.com/boardeval/Best_practices_self_evaluation.PDF,/boardeval/Best_practices_self_evaluation.PDF,not found,1/1/16,Yes,Board Evaluation,,,
http://www.beta.com/boardeval/Board Self-Assessment 2018.pdf,/boardeval/Board Self-Assessment 2018.pdf,not found,1/1/18,Yes,Board Evaluation,,,
http://www.beta.com/boardeval/board-evaluation-process-overview.pdf,/boardeval/board-evaluation-process-overview.pdf,not found,1/1/09,Yes,Board Evaluation,,,
http://www.beta.com/boardeval/bringing-competencies-to-governance.pdf,/boardeval/bringing-competencies-to-governance.pdf,not found,1/1/17,Yes,Board Evaluation,,,
http://www.beta.com/boardeval/center-voices-1-12.pdf,/boardeval/center-voices-1-12.pdf,not found,1/1/12,Yes,Board Evaluation,,,
http://www.beta.com/boardeval/center-voices-5-15.pdf,/boardeval/center-voices-5-15.pdf,not found,1/1/15,Yes,Board Evaluation,,,
http://www.beta.com/boardeval/sample-board-peer-assessment-questionnaire-for-a-community-hospital.pdf,/boardeval/sample-board-peer-assessment-questionnaire-for-a-community-hospital.pdf,not found,1/1/09,Yes,Board Evaluation,,,
http://www.beta.com/boardeval/sample-meeting-effectiveness-survey-for-board-or-committee-meetings.pdf,/boardeval/sample-meeting-effectiveness-survey-for-board-or-committee-meetings.pdf,not found,1/1/09,Yes,Board Evaluation,,,
http://www.beta.com/boardinfrastructure/archive/attendance_policy_fall2005.pdf,/boardinfrastructure/archive/attendance_policy_fall2005.pdf,not found,1/1/05,Yes,Board Infrastructure,,,
http://www.beta.com/boardinfrastructure/archive/Board_policies_post_enron.pdf,/boardinfrastructure/archive/Board_policies_post_enron.pdf,not found,,Yes,Board Infrastructure,,,
http://www.beta.com/boardinfrastructure/archive/CenterVoices2008-04.pdf,/boardinfrastructure/archive/CenterVoices2008-04.pdf,not found,1/1/08,Yes,Board Infrastructure,,,
http://www.beta.com/boardinfrastructure/archive/GB-2007-Winter-Developing-Board-Goals-reprint.pdf,/boardinfrastructure/archive/GB-2007-Winter-Developing-Board-Goals-reprint.pdf,not found,1/1/07,Yes,Board Infrastructure,,,
http://www.beta.com/boardinfrastructure/archive/sample-position-profile.pdf,/boardinfrastructure/archive/sample-position-profile.pdf,not found,1/1/04,Yes,Board Infrastructure,,,
http://www.beta.com/boardinfrastructure/archive/Workbook2011-11.pdf,/boardinfrastructure/archive/Workbook2011-11.pdf,not found,1/1/11,Yes,Board Infrastructure,,,
http://www.beta.com/boardinfrastructure/Best_practices_policy_manual.PDF,/boardinfrastructure/Best_practices_policy_manual.PDF,not found,1/1/16,Yes,Board Infrastructure,,,
http://www.beta.com/boardinfrastructure/Charter-Audit-and-Corporate-Compliance-Committee-charter-July-2008.pdf,/boardinfrastructure/Charter-Audit-and-Corporate-Compliance-Committee-charter-July-2008.pdf,not found,1/1/08,Yes,Board Infrastructure,,,
http://www.beta.com/boardinfrastructure/Policy_on_Policy_vs_Operations.pdf,/boardinfrastructure/Policy_on_Policy_vs_Operations.pdf,not found,1/1/16,Yes,Board Infrastructure,,,
http://www.beta.com/boardinfrastructure/PositionDescripHCBoard.pdf,/boardinfrastructure/PositionDescripHCBoard.pdf,not found,1/1/16,Yes,Board Infrastructure,,,
http://www.beta.com/boardinfrastructure/PositionDescriptionBoardChairperson.pdf,/boardinfrastructure/PositionDescriptionBoardChairperson.pdf,not found,1/1/16,Yes,Board Infrastructure,,,
http://www.beta.com/boardinfrastructure/PositionDescriptionChairElect.pdf,/boardinfrastructure/PositionDescriptionChairElect.pdf,not found,1/1/16,Yes,Board Infrastructure,,,
http://www.beta.com/boardinfrastructure/sample-meeting-minutes-and-records-policy.pdf,/boardinfrastructure/sample-meeting-minutes-and-records-policy.pdf,not found,1/1/08,Yes,Board Infrastructure,,,
http://www.beta.com/boardinfrastructure/Supporting-High-Performing-Boards-Dedicated-Governance-Leadership.shtml,/boardinfrastructure/Supporting-High-Performing-Boards-Dedicated-Governance-Leadership.shtml,boardinfrastructure/Supporting-High-Performing-Boards-Dedicated-Governance-Leadership.dcr,7/1/18,Yes,Board Infrastructure,,,
http://www.beta.com/boardinfrastructure/supportinghighperformingboards.pdf,/boardinfrastructure/supportinghighperformingboards.pdf,not found,1/1/17,Yes,Board Infrastructure,,,
http://www.beta.com/boardinfrastructure/the-role-of-the-board-chair-2018.shtml,/boardinfrastructure/the-role-of-the-board-chair-2018.shtml,boardinfrastructure/the-role-of-the-board-chair-2018,1/1/18,Yes,Board Infrastructure,,,
http://www.beta.com/boardmeetings/archive/asking-the-edgy-questions-about-the-future-winter11.pdf,/boardmeetings/archive/asking-the-edgy-questions-about-the-future-winter11.pdf,not found,1/1/11,Yes,Board Meetings,,,
http://www.beta.com/boardmeetings/archive/GB-useandabuse-07.pdf,/boardmeetings/archive/GB-useandabuse-07.pdf,not found,1/1/07,Yes,Board Meetings,,,
http://www.beta.com/boardmeetings/archive/GI05_3.pdf,/boardmeetings/archive/GI05_3.pdf,not found,1/1/05,Yes,Board Meetings,,,
http://www.beta.com/boardmeetings/archive/sample-committee-charter.pdf,/boardmeetings/archive/sample-committee-charter.pdf,not found,,Yes,Board Infrastructure,,,
http://www.beta.com/boardmeetings/archive/Ten_Ways_to_Improve_Board_Meetings.pdf,/boardmeetings/archive/Ten_Ways_to_Improve_Board_Meetings.pdf,not found,,Yes,Board Meetings,,,
http://www.beta.com/boardmeetings/archive/BetaWKBK0207.pdf,/boardmeetings/archive/BetaWKBK0207.pdf,not found,1/1/07,Yes,Board Meetings,,,
http://www.beta.com/boardmeetings/articles/new-approaches-to-effective-board-decision-making.shtml,/boardmeetings/articles/new-approaches-to-effective-board-decision-making.shtml,boardmeetings/articles/new-approaches-to-effective-board-decision-making.dcr,9/1/18,Yes,Board Meetings,,,
http://www.beta.com/boardmeetings/board-meetings-rec-nm.shtml,/boardmeetings/board-meetings-rec-nm.shtml,boardmeetings/board-meetings-rec-nm,1/1/14,Yes,Board Meetings,,,
http://www.beta.com/boardmeetings/center-voices-1-16.pdf,/boardmeetings/center-voices-1-16.pdf,not found,1/1/16,Yes,Board Meetings,,,
http://www.beta.com/boardmeetings/center-voices-6-14.pdf,/boardmeetings/center-voices-6-14.pdf,not found,1/1/14,Yes,Board Meetings,,,
http://www.beta.com/boardmeetings/center-voices-6-15.pdf,/boardmeetings/center-voices-6-15.pdf,not found,1/1/15,Yes,Board Meetings,,,
http://www.beta.com/boardmeetings/Creating the Right Boardroom Conversations.pdf,/boardmeetings/Creating the Right Boardroom Conversations.pdf,not found,,Yes,Board Meetings,,,
http://www.beta.com/boardmeetings/Policy_on_Consent_Agenda.pdf,/boardmeetings/Policy_on_Consent_Agenda.pdf,not found,1/1/16,Yes,Board Meetings,,,
http://www.beta.com/boardmeetings/TI_0918_tool_orlikoff-new-decision-making.pdf,/boardmeetings/TI_0918_tool_orlikoff-new-decision-making.pdf,not found,9/1/18,Yes,Board Meetings,,,
http://www.beta.com/boardorientation/09-guide-to-good-governance.pdf,/boardorientation/09-guide-to-good-governance.pdf,not found,1/1/09,Yes,Board Orientation,,,
http://www.beta.com/boardorientation/2017-beta-board-orientation-101.pdf,/boardorientation/2017-beta-board-orientation-101.pdf,not found,1/1/17,Yes,Board Orientation,,,
http://www.beta.com/boardorientation/Best_Practices_Orientation_Manual_May2004.pdf,/boardorientation/Best_Practices_Orientation_Manual_May2004.pdf,not found,1/1/04,Yes,Board Orientation,,,
http://www.beta.com/boardorientation/Best_Practices_Orientation_Process_May2004.pdf,/boardorientation/Best_Practices_Orientation_Process_May2004.pdf,not found,1/1/04,Yes,Board Orientation,,,
http://www.beta.com/boardorientation/Quarterly-Mentor-Feedback-Form.pdf,/boardorientation/Quarterly-Mentor-Feedback-Form.pdf,not found,1/1/16,Yes,Board Orientation,,,
http://www.beta.com/boardorientation/sample-board-chair-role-description-charter.pdf,/boardorientation/sample-board-chair-role-description-charter.pdf,not found,1/1/05,Yes,Board Orientation,,,
http://www.beta.com/boardorientation/sample-board-orientation-manual-index.pdf,/boardorientation/sample-board-orientation-manual-index.pdf,not found,1/1/05,Yes,Board Orientation,,,
http://www.beta.com/boardorientation/sample-duties-and-expectations-of-a-director-charter.pdf,/boardorientation/sample-duties-and-expectations-of-a-director-charter.pdf,not found,1/1/05,Yes,Board Orientation,,,
http://www.beta.com/boardorientation/sample-statement-of-the-roles-and-responsibilities-of-the-roard-charter.pdf,/boardorientation/sample-statement-of-the-roles-and-responsibilities-of-the-roard-charter.pdf,not found,1/1/05,Yes,Board Orientation,,,
http://www.beta.com/boardorientation/web-rec/board-orientation-best-practices-2018.shtml,/boardorientation/web-rec/board-orientation-best-practices-2018.shtml,boardorientation/board-orientation-best-practices,4/1/18,Yes,Board Orientation,,,
http://www.beta.com/boardorientation/Workbook2013-07.pdf,/boardorientation/Workbook2013-07.pdf,not found,1/1/13,Yes,Board Orientation,,,
http://www.beta.com/boardstructure/archive/sample-chair-charter.pdf,/boardstructure/archive/sample-chair-charter.pdf,not found,,Yes,Board Structure,,,
http://www.beta.com/boardstructure/committeeorientation.pdf,/boardstructure/committeeorientation.pdf,not found,1/1/17,Yes,Board Structure,,,
http://www.beta.com/boardstructure/evaluating-and-improving-board-committees7-19.pdf,/boardstructure/evaluating-and-improving-board-committees7-19.pdf,not found,1/1/08,Yes,Board Structure,,,
http://www.beta.com/boardstructure/Leveraging-Committees.pdf,/boardstructure/Leveraging-Committees.pdf,not found,1/1/18,Yes,Board Structure,,,
http://www.beta.com/boardstructure/sample-committee-assessment-board-audit-and-compliance-committee.pdf,/boardstructure/sample-committee-assessment-board-audit-and-compliance-committee.pdf,not found,1/1/16,Yes,Board Structure,,,
http://www.beta.com/charters/Charter-Audit-and-Corporate-Compliance-Committee-charter-July-2008.pdf,/charters/Charter-Audit-and-Corporate-Compliance-Committee-charter-July-2008.pdf,not found,1/1/08,Yes,Beta Tools,Beta Tools,,
http://www.beta.com/charters/Charter-Audit-and-Corporate-Compliance-Committee-charter-July-2008.pdf,/charters/Charter-Audit-and-Corporate-Compliance-Committee-charter-July-2008.pdf,not found,1/1/08,Yes,Board Structure,,,
http://www.beta.com/charters/Charter-Executive-Evaluation-and-Compensation-Committee-Charter-July-2008.pdf,/charters/Charter-Executive-Evaluation-and-Compensation-Committee-Charter-July-2008.pdf,not found,1/1/08,Yes,Beta Tools,Beta Tools,,
http://www.beta.com/charters/Charter-Executive-Evaluation-and-Compensation-Committee-Charter-July-2008.pdf,/charters/Charter-Executive-Evaluation-and-Compensation-Committee-Charter-July-2008.pdf,not found,1/1/08,Yes,Board Structure,,,
http://www.beta.com/charters/Charter-Governance-Committee-charter-July-2008.pdf,/charters/Charter-Governance-Committee-charter-July-2008.pdf,not found,1/1/16,Yes,Beta Tools,Beta Tools,,
http://www.beta.com/charters/Charter-Governance-Committee-charter-July-2008.pdf,/charters/Charter-Governance-Committee-charter-July-2008.pdf,not found,1/1/16,Yes,Board Structure,,,
http://www.beta.com/charters/Charter-Quality-and-Professional-Affairs-Committee-Charter-July-2008.pdf,/charters/Charter-Quality-and-Professional-Affairs-Committee-Charter-July-2008.pdf,not found,1/1/16,Yes,Beta Tools,Beta Tools,,
http://www.beta.com/charters/Charter-Quality-and-Professional-Affairs-Committee-Charter-July-2008.pdf,/charters/Charter-Quality-and-Professional-Affairs-Committee-Charter-July-2008.pdf,not found,1/1/16,Yes,Board Structure,,,
http://www.beta.com/charters/Charter-Strategic-Planning-Committee-sample-charter-July-2008.pdf,/charters/Charter-Strategic-Planning-Committee-sample-charter-July-2008.pdf,not found,1/1/16,Yes,Beta Tools,Beta Tools,,
http://www.beta.com/charters/Charter-Strategic-Planning-Committee-sample-charter-July-2008.pdf,/charters/Charter-Strategic-Planning-Committee-sample-charter-July-2008.pdf,not found,1/1/16,Yes,Board Structure,,,
http://www.beta.com/charters/sample-committee-assessment-board-audit-and-compliance-committee.pdf,/charters/sample-committee-assessment-board-audit-and-compliance-committee.pdf,not found,1/1/16,Yes,Beta Tools,Beta Tools,,
http://www.beta.com/checklists/Best_Practices_Orientation_Manual_May2004.pdf,/checklists/Best_Practices_Orientation_Manual_May2004.pdf,not found,1/1/16,Yes,Beta Tools,Beta Tools,,
http://www.beta.com/checklists/Best_Practices_Orientation_Process_May2004.pdf,/checklists/Best_Practices_Orientation_Process_May2004.pdf,not found,1/1/16,Yes,Beta Tools,Beta Tools,,
http://www.beta.com/checklists/Best_practices_top_ten_list.pdf,/checklists/Best_practices_top_ten_list.pdf,not found,1/1/16,Yes,Beta Tools,Beta Tools,,
http://www.beta.com/checklists/Creating the Right Boardroom Conversations.pdf,/checklists/Creating the Right Boardroom Conversations.pdf,not found,1/1/14,Yes,Beta Tools,Beta Tools,,
http://www.beta.com/checklists/Current High-Performing Governance Practices.pdf,/checklists/Current High-Performing Governance Practices.pdf,not found,1/1/14,Yes,Beta Tools,Beta Tools,,
http://www.beta.com/checklists/Current High-Performing Governance Practices.pdf,/checklists/Current High-Performing Governance Practices.pdf,not found,,Yes,Board Culture,,,
http://www.beta.com/checklists/Seven Steps to Designing an Effective Governance Education Process.pdf,/checklists/Seven Steps to Designing an Effective Governance Education Process.pdf,not found,1/1/14,Yes,Beta Tools,Beta Tools,,
http://www.beta.com/checklists/Seven Steps to Designing an Effective Governance Education Process.pdf,/checklists/Seven Steps to Designing an Effective Governance Education Process.pdf,not found,,Yes,Board Development,,,
http://www.beta.com/checklists/TI_0718_Conway-quality-tool.pdf,/checklists/TI_0718_Conway-quality-tool.pdf,not found,1/1/18,Yes,Beta Tools,Beta Tools,,
http://www.beta.com/checklists/TI_0718_Conway-quality-tool.pdf,/checklists/TI_0718_Conway-quality-tool.pdf,not found,7/1/18,Yes,Quality Oversight,,,
http://www.beta.com/checklists/beta-toolkit-fiduciary-duties.pdf,/checklists/beta-toolkit-fiduciary-duties.pdf,not found,1/1/17,Yes,Beta Tools,Beta Tools,,
http://www.beta.com/cog/2019-COG-members.pdf,/cog/2019-COG-members.pdf,not found,1/1/19,Yes,,,,
http://www.beta.com/cog/2019-LDC-web-roster-010419.pdf,/cog/2019-LDC-web-roster-010419.pdf,not found,1/2/19,Yes,,,,
http://www.beta.com/cog/COG-Fact-Sheet-2019.pdf,/cog/COG-Fact-Sheet-2019.pdf,not found,1/3/19,Yes,,,,
http://www.beta.com/community/archive/AHLA-MWE-Form-990-instructions-exec-summary.pdf,/community/archive/AHLA-MWE-Form-990-instructions-exec-summary.pdf,not found,1/1/08,Yes,Community Benefit,,,
http://www.beta.com/community/buildingcommunityhealth.pdf,/community/buildingcommunityhealth.pdf,not found,1/1/17,Yes,Community Benefit,,,
http://www.beta.com/community/center-voices-5-13.pdf,/community/center-voices-5-13.pdf,not found,1/1/13,Yes,Community Benefit,,,
http://www.beta.com/community/GI14_2.pdf,/community/GI14_2.pdf,not found,1/1/14,Yes,Community Benefit,,,
http://www.beta.com/community/webinars/policy/tax-exempt.shtml,/community/webinars/policy/tax-exempt.shtml,community/tax-exempt,,Yes,Community Benefit,,,
http://www.beta.com/contactus/,/contactus/,#N/A,,No,,,,
http://www.beta.com/dashboards/articles/balanced-scorecard-for-achieving-leadership-convergence.shtml,/dashboards/articles/balanced-scorecard-for-achieving-leadership-convergence.shtml,dashboards/articles/balanced-scorecard-for-achieving-leadership-convergence.dcr,11/1/18,Yes,Beta Tools,Beta Tools,,
http://www.beta.com/dashboards/Best_practices_dashboards.PDF,/dashboards/Best_practices_dashboards.PDF,not found,1/1/16,Yes,Beta Tools,Beta Tools,,
http://www.beta.com/dashboards/beta-toolkit-scorecards-grid.pdf,/dashboards/beta-toolkit-scorecards-grid.pdf,not found,1/1/17,Yes,Beta Tools,Beta Tools,,
http://www.beta.com/discussiontemplates/impact-and-implications-on-governance-structure-and-responsibilities.pdf,/discussiontemplates/impact-and-implications-on-governance-structure-and-responsibilities.pdf,not found,1/1/16,Yes,Beta Tools,Beta Tools,,
http://www.beta.com/discussiontemplates/impact-and-implications-on-governance-structure-and-responsibilities.pdf,/discussiontemplates/impact-and-implications-on-governance-structure-and-responsibilities.pdf,not found,1/1/16,Yes,Transforming Governance,,,
http://www.beta.com/discussiontemplates/beta-toolkit-population-health.pdf,/discussiontemplates/beta-toolkit-population-health.pdf,not found,1/1/17,Yes,Beta Tools,Beta Tools,,
http://www.beta.com/discussiontemplates/beta-toolkit-scorecards-primer.pdf,/discussiontemplates/beta-toolkit-scorecards-primer.pdf,not found,1/1/17,Yes,Beta Tools,Beta Tools,,
http://www.beta.com/discussiontemplates/beta-toolkit-telehealth.pdf,/discussiontemplates/beta-toolkit-telehealth.pdf,not found,1/1/17,Yes,Beta Tools,Beta Tools,,
http://www.beta.com/disruptiveinnovation/articles/disruptive-competitor-profile-template_.shtml,/disruptiveinnovation/articles/disruptive-competitor-profile-template_.shtml,disruptiveinnovation/articles/disruptive-competitor-profile-template_.dcr,11/1/18,Yes,Innovation,,,
http://www.beta.com/disruptiveinnovation/articles/engaging-boards-in-disruptive-innovation.shtml,/disruptiveinnovation/articles/engaging-boards-in-disruptive-innovation.shtml,disruptiveinnovation/articles/engaging-boards-in-disruptive-innovation.dcr,11/1/18,Yes,Innovation,,,
http://www.beta.com/disruptiveinnovation/articles/health-care-governance-on-eve-of-disruption.shtml,/disruptiveinnovation/articles/health-care-governance-on-eve-of-disruption.shtml,disruptiveinnovation/articles/health-care-governance-on-eve-of-disruption.dcr,8/1/18,Yes,Innovation,,,
http://www.beta.com/disruptiveinnovation/articles/surviving-disruption-in-health-care.shtml,/disruptiveinnovation/articles/surviving-disruption-in-health-care.shtml,disruptiveinnovation/articles/kaufman-surviving-disruption-0718.dcr,7/1/18,Yes,Innovation,,,
http://www.beta.com/disruptiveinnovation/articles/understanding-affordability-and-value-in-health-care-sidebar.shtml,/disruptiveinnovation/articles/understanding-affordability-and-value-in-health-care-sidebar.shtml,disruptiveinnovation/articles/understanding-affordability-and-value-in-health-care-sidebar.dcr,9/1/18,Yes,Innovation,,,
http://www.beta.com/disruptiveinnovation/articles/understanding-affordability-and-value-in-health-care.shtml,/disruptiveinnovation/articles/understanding-affordability-and-value-in-health-care.shtml,disruptiveinnovation/articles/understanding-affordability-and-value-in-health-care.dcr,9/1/18,Yes,Innovation,,,
http://www.beta.com/disruptiveinnovation/TI_0918_bathija_affordability_infographic.pdf,/disruptiveinnovation/TI_0918_bathija_affordability_infographic.pdf,not found,9/1/18,Yes,Innovation,,,
http://www.beta.com/education/aboutus.shtml,/education/aboutus.shtml,education/aboutus.dcr,,Yes,,,,
http://www.beta.com/education/conferences.shtml,/education/conferences.shtml,education/conferences,,Yes,,,,
http://www.beta.com/education/powerpoints.shtml,/education/powerpoints.shtml,education/powerpoints.dcr,1/1/18,Yes,,,,
http://www.beta.com/education/powerpoints.shtml,/education/powerpoints.shtml,education/powerpoints.dcr,8/1/18,Yes,Population/Community Health,,,
http://www.beta.com/education/powerpoints.shtml,/education/powerpoints.shtml,education/powerpoints.dcr,,Yes,,,,
http://www.beta.com/education/web-rec/17mar-reaching-for-stars-best-practices-webinar.shtml,/education/web-rec/17mar-reaching-for-stars-best-practices-webinar.shtml,education/web-rec/17mar-reaching-for-stars-best-practices,1/1/17,Yes,Transforming Governance,,,
http://www.beta.com/education/webinars.shtml,/education/webinars.shtml,education/webinars,,Yes,,,,
http://www.beta.com/envtrends/bridgingworlds.pdf,/envtrends/bridgingworlds.pdf,not found,1/1/17,Yes,Environmental Trends,,,
http://www.beta.com/envtrends/BridgingWorldsStrategyLandscapePoster.pdf,/envtrends/BridgingWorldsStrategyLandscapePoster.pdf,not found,1/1/14,Yes,Environmental Trends,,,
http://www.beta.com/envtrends/chg-acronyms-list.pdf,/envtrends/chg-acronyms-list.pdf,not found,,Yes,Environmental Trends,,,
http://www.beta.com/envtrends/Futurescan 2018 PowerPoint Slides for Beta www.pdf,/envtrends/Futurescan 2018 PowerPoint Slides for Beta www.pdf,not found,1/1/18,Yes,Environmental Trends,,,
http://www.beta.com/envtrends/Governance-Survey-Report-update.pdf,/envtrends/Governance-Survey-Report-update.pdf,not found,1/1/14,Yes,Environmental Trends,,,
http://www.beta.com/Equity%20of%20Care/A-New-Model-For-Care-of-Equity.pdf,/Equity%20of%20Care/A-New-Model-For-Care-of-Equity.pdf,#N/A,1/1/18,No,Disparities; Equity of Care,,,
http://www.beta.com/evals/Best_practices_CEO_appraisal.PDF,/evals/Best_practices_CEO_appraisal.PDF,not found,1/1/16,Yes,Beta Tools,Beta Tools,,
http://www.beta.com/evals/Best_practices_self_evaluation.PDF,/evals/Best_practices_self_evaluation.PDF,not found,1/1/16,Yes,Beta Tools,Beta Tools,,
http://www.beta.com/evals/Post-meeting-eval-memo-and-form.pdf,/evals/Post-meeting-eval-memo-and-form.pdf,not found,,Yes,Beta Tools,Beta Tools,,
http://www.beta.com/evals/strategy-and-competency-self-assessment.pdf,/evals/strategy-and-competency-self-assessment.pdf,not found,1/1/16,Yes,Beta Tools,Beta Tools,,
http://www.beta.com/evals/strategy-and-competency-self-assessment.pdf,/evals/strategy-and-competency-self-assessment.pdf,not found,1/1/16,Yes,Mission/Vision/Strategy,,,
http://www.beta.com/evals/beta-toolkit-baldridge.pdf,/evals/beta-toolkit-baldridge.pdf,not found,1/1/17,Yes,Beta Tools,Beta Tools,,
http://www.beta.com/execperformance/15-executive-compensation.pdf,/execperformance/15-executive-compensation.pdf,not found,1/1/15,Yes,Executive Performance & Compensation,,,
http://www.beta.com/execperformance/Beta-Sample-CEO-Performance-Appraisal.pdf,/execperformance/Beta-Sample-CEO-Performance-Appraisal.pdf,not found,1/1/17,Yes,Executive Performance & Compensation,,,
http://www.beta.com/execperformance/Beta-Sample-CEO-Performance-Appraisal.pdf,/execperformance/Beta-Sample-CEO-Performance-Appraisal.pdf,not found,1/1/17,Yes,Executive Performance & Compensation,,,
http://www.beta.com/execperformance/Best_practices_CEO_appraisal.PDF,/execperformance/Best_practices_CEO_appraisal.PDF,not found,1/1/16,Yes,Executive Performance & Compensation,,,
http://www.beta.com/execperformance/center-voices-10-13.pdf,/execperformance/center-voices-10-13.pdf,not found,1/1/13,Yes,Executive Performance & Compensation,,,
http://www.beta.com/execperformance/center-voices-11-15.pdf,/execperformance/center-voices-11-15.pdf,not found,1/1/15,Yes,Executive Performance & Compensation,,,
http://www.beta.com/execperformance/center-voices-2-16.pdf,/execperformance/center-voices-2-16.pdf,not found,1/1/16,Yes,Executive Performance & Compensation,,,
http://www.beta.com/execperformance/center-voices-5-16.pdf,/execperformance/center-voices-5-16.pdf,not found,1/1/16,Yes,Board Composition & Selection,,,
http://www.beta.com/execperformance/center-voices-9-12.pdf,/execperformance/center-voices-9-12.pdf,not found,1/1/12,Yes,Executive Performance & Compensation,,,
http://www.beta.com/execperformance/center-voices-9-16.pdf,/execperformance/center-voices-9-16.pdf,not found,1/1/16,Yes,Executive Performance & Compensation,,,
http://www.beta.com/execperformance/clarifying-expectations.pdf,/execperformance/clarifying-expectations.pdf,not found,1/1/07,Yes,Executive Performance & Compensation,,,
http://www.beta.com/execperformance/collaborative-leadership-tool.pdf,/execperformance/collaborative-leadership-tool.pdf,not found,1/1/06,Yes,Executive Performance & Compensation,,,
http://www.beta.com/execperformance/GI16_1.pdf,/execperformance/GI16_1.pdf,not found,1/1/16,Yes,Executive Performance & Compensation,,,
http://www.beta.com/execperformance/someonetoleanon.pdf,/execperformance/someonetoleanon.pdf,not found,1/1/17,Yes,Executive Performance & Compensation,,,
http://www.beta.com/execperformance/the-ceo-performance-appraisal.pdf,/execperformance/the-ceo-performance-appraisal.pdf,not found,1/1/17,Yes,Executive Performance & Compensation,,,
http://www.beta.com/execperformance/TRU1016_Voices.pdf,/execperformance/TRU1016_Voices.pdf,not found,1/1/16,Yes,Executive Performance & Compensation,,,
http://www.beta.com/execperformance/web-rec/ceo-succession-planning-your-must-dos.shtml,/execperformance/web-rec/ceo-succession-planning-your-must-dos.shtml,execperformance/ceo-succession-planning-your-must-dos.dcr,9/1/18,Yes,Executive Performance & Compensation,,,
http://www.beta.com/execperformance/web-rec/who-are-your-next-generation-leaders.shtml,/execperformance/web-rec/who-are-your-next-generation-leaders.shtml,execperformance/who-are-your-next-generation-leaders.dcr,11/1/18,Yes,Executive Performance & Compensation,,,
http://www.beta.com/execperformance/Workbook2015-04.pdf,/execperformance/Workbook2015-04.pdf,not found,1/1/15,Yes,Executive Performance & Compensation,,,
http://www.beta.com/execperformance/Workbook2015-11.pdf,/execperformance/Workbook2015-11.pdf,not found,1/1/15,Yes,Executive Performance & Compensation,,,
http://www.beta.com/fiduciaryduties/13-evolving-accountability.pdf,/fiduciaryduties/13-evolving-accountability.pdf,not found,1/1/13,Yes,Fiduciary Duties,,,
http://www.beta.com/fiduciaryduties/archive/CenterVoices2008-03.pdf,/fiduciaryduties/archive/CenterVoices2008-03.pdf,not found,1/1/08,Yes,Fiduciary Duties,,,
http://www.beta.com/fiduciaryduties/archive/Workbook2009-01.pdf,/fiduciaryduties/archive/Workbook2009-01.pdf,not found,1/1/09,Yes,Fiduciary Duties,,,
http://www.beta.com/fiduciaryduties/asset-stewardship.pdf,/fiduciaryduties/asset-stewardship.pdf,not found,1/1/07,Yes,Fiduciary Duties,,,
http://www.beta.com/fiduciaryduties/board-legal-fiduciary-duties.pdf,/fiduciaryduties/board-legal-fiduciary-duties.pdf,not found,1/1/05,Yes,Fiduciary Duties,,,
http://www.beta.com/fiduciaryduties/center-voices-6-12.pdf,/fiduciaryduties/center-voices-6-12.pdf,not found,1/1/12,Yes,Fiduciary Duties,,,
http://www.beta.com/fiduciaryduties/email-beta-quarterly-COI-form.pdf,/fiduciaryduties/email-beta-quarterly-COI-form.pdf,not found,1/1/17,Yes,Fiduciary Duties,,,
http://www.beta.com/fiduciaryduties/sample-board-accountability-statement-for-a-community-hospital.pdf,/fiduciaryduties/sample-board-accountability-statement-for-a-community-hospital.pdf,not found,1/1/05,Yes,Fiduciary Duties,,,
http://www.beta.com/fiduciaryduties/sample-board-policy-on-confidentiality.pdf,/fiduciaryduties/sample-board-policy-on-confidentiality.pdf,not found,1/1/05,Yes,Fiduciary Duties,,,
http://www.beta.com/fiduciaryduties/sample-code-of-conduct.pdf,/fiduciaryduties/sample-code-of-conduct.pdf,not found,1/1/08,Yes,Fiduciary Duties,,,
http://www.beta.com/fiduciaryduties/sample-general-principles-regarding-conflict-of-interest.pdf,/fiduciaryduties/sample-general-principles-regarding-conflict-of-interest.pdf,not found,1/1/08,Yes,Fiduciary Duties,,,
http://www.beta.com/fiduciaryduties/sample-policy-for-open-board-meetings-for-public-or-government-hospitals.pdf,/fiduciaryduties/sample-policy-for-open-board-meetings-for-public-or-government-hospitals.pdf,not found,1/1/05,Yes,Fiduciary Duties,,,
http://www.beta.com/fiduciaryduties/Workbook2014-11.pdf,/fiduciaryduties/Workbook2014-11.pdf,not found,1/1/14,Yes,Fiduciary Duties,,,
http://www.beta.com/financialoversight/09-capital-project-risks.pdf,/financialoversight/09-capital-project-risks.pdf,not found,1/1/09,Yes,Financial Oversight,,,
http://www.beta.com/financialoversight/14-boards-and-philanthropy.pdf,/financialoversight/14-boards-and-philanthropy.pdf,not found,1/1/14,Yes,Financial Oversight,,,
http://www.beta.com/financialoversight/archive/CenterVoices2008-09.pdf,/financialoversight/archive/CenterVoices2008-09.pdf,not found,1/1/08,Yes,Financial Oversight,,,
http://www.beta.com/financialoversight/archive/CenterVoices2009-01.pdf,/financialoversight/archive/CenterVoices2009-01.pdf,not found,1/1/09,Yes,Financial Oversight,,,
http://www.beta.com/financialoversight/center-voices-3-15.pdf,/financialoversight/center-voices-3-15.pdf,not found,1/1/15,Yes,Financial Oversight,,,
http://www.beta.com/financialoversight/GI14_3.pdf,/financialoversight/GI14_3.pdf,not found,1/1/14,Yes,Financial Oversight,,,
http://www.beta.com/foundationboard/Board Development and Evaluation/30 Questions Improvement.pdf,/foundationboard/Board Development and Evaluation/30 Questions Improvement.pdf,not found,1/1/18,Yes,Foundation Board Resources,,,
http://www.beta.com/foundationboard/Board Development and Evaluation/Board Evaluation Lever.pdf,/foundationboard/Board Development and Evaluation/Board Evaluation Lever.pdf,not found,1/1/18,Yes,Foundation Board Resources,,,
http://www.beta.com/foundationboard/Board Development and Evaluation/Sub-Folder.shtml,/foundationboard/Board Development and Evaluation/Sub-Folder.shtml,foundationboard/board-development-and-evaluation,,Yes,Foundation Board Resources,,,
http://www.beta.com/foundationboard/charitable-giving-rec-nm.shtml,/foundationboard/charitable-giving-rec-nm.shtml,foundationboard/charitable-giving-rec-nm,,Yes,Foundation Board Resources,,,
http://www.beta.com/foundationboard/Financial Opportunity for Philanthropy/Financial_Impact.pdf,/foundationboard/Financial Opportunity for Philanthropy/Financial_Impact.pdf,not found,1/1/17,Yes,Foundation Board Resources,,,
http://www.beta.com/foundationboard/Financial Opportunity for Philanthropy/Rediscovering Philanthropy.pdf,/foundationboard/Financial Opportunity for Philanthropy/Rediscovering Philanthropy.pdf,not found,1/1/15,Yes,Foundation Board Resources,,,
http://www.beta.com/foundationboard/Financial Opportunity for Philanthropy/Sub-Folder.shtml,/foundationboard/Financial Opportunity for Philanthropy/Sub-Folder.shtml,foundationboard/financial-opportunity-of-philanthropy,,Yes,Foundation Board Resources,,,
http://www.beta.com/foundationboard/Foundation Board Meetings/Board_Agenda.pdf,/foundationboard/Foundation Board Meetings/Board_Agenda.pdf,not found,,Yes,Foundation Board Resources,,,
http://www.beta.com/foundationboard/Foundation Board Meetings/Effective_Board.pdf,/foundationboard/Foundation Board Meetings/Effective_Board.pdf,not found,1/1/17,Yes,Foundation Board Resources,,,
http://www.beta.com/foundationboard/Foundation Board Meetings/Effective_Board.pdf,/foundationboard/Foundation Board Meetings/Effective_Board.pdf,not found,1/1/17,Yes,Foundation Board Resources,,,
http://www.beta.com/foundationboard/Foundation Board Meetings/Master_Calendar.pdf,/foundationboard/Foundation Board Meetings/Master_Calendar.pdf,not found,1/1/17,Yes,Foundation Board Resources,,,
http://www.beta.com/foundationboard/Foundation Board Selection-Recruitment-Onboarding/Beta_Selection_Criteria_Infographic.pdf,/foundationboard/Foundation Board Selection-Recruitment-Onboarding/Beta_Selection_Criteria_Infographic.pdf,not found,,Yes,Foundation Board Resources,,,
http://www.beta.com/foundationboard/Foundation Board Selection-Recruitment-Onboarding/Board_Dream_Team.pdf,/foundationboard/Foundation Board Selection-Recruitment-Onboarding/Board_Dream_Team.pdf,not found,1/1/17,Yes,Foundation Board Resources,,,
http://www.beta.com/foundationboard/Foundation Board Selection-Recruitment-Onboarding/Improving_Onboarding.pdf,/foundationboard/Foundation Board Selection-Recruitment-Onboarding/Improving_Onboarding.pdf,not found,1/1/17,Yes,Foundation Board Resources,,,
http://www.beta.com/foundationboard/Foundation Board Selection-Recruitment-Onboarding/Sub-Folder.shtml,/foundationboard/Foundation Board Selection-Recruitment-Onboarding/Sub-Folder.shtml,foundationboard/foundation-board-selection-recruitment-onboarding,,Yes,Foundation Board Resources,,,
http://www.beta.com/foundationboard/Grateful Patient Engagement/HIPAA_Rules.pdf,/foundationboard/Grateful Patient Engagement/HIPAA_Rules.pdf,not found,1/1/17,Yes,Foundation Board Resources,,,
http://www.beta.com/foundationboard/Grateful Patient Engagement/Sub-Folder.shtml,/foundationboard/Grateful Patient Engagement/Sub-Folder.shtml,foundationboard/grateful-patient-engagement,,Yes,Foundation Board Resources,,,
http://www.beta.com/foundationboard/Key Partners in Advancing Philanthropy/Getting-the-most-out-of-philanthropy.pdf,/foundationboard/Key Partners in Advancing Philanthropy/Getting-the-most-out-of-philanthropy.pdf,not found,1/1/17,Yes,Foundation Board Resources,,,
http://www.beta.com/foundationboard/Key Partners in Advancing Philanthropy/Getting-the-most-out-of-philanthropy.pdf,/foundationboard/Key Partners in Advancing Philanthropy/Getting-the-most-out-of-philanthropy.pdf,not found,1/1/17,Yes,Foundation Board Resources,,,
http://www.beta.com/foundationboard/Key Partners in Advancing Philanthropy/Role_of_CEO.pdf,/foundationboard/Key Partners in Advancing Philanthropy/Role_of_CEO.pdf,not found,1/1/17,Yes,Foundation Board Resources,,,
http://www.beta.com/foundationboard/Key Partners in Advancing Philanthropy/Roles_VP.pdf,/foundationboard/Key Partners in Advancing Philanthropy/Roles_VP.pdf,not found,1/1/17,Yes,Foundation Board Resources,,,
http://www.beta.com/foundationboard/Key Partners in Advancing Philanthropy/Sub-Folder.shtml,/foundationboard/Key Partners in Advancing Philanthropy/Sub-Folder.shtml,foundationboard/key-partners-in-advancing-philanthropy,,Yes,Foundation Board Resources,,,
http://www.beta.com/foundationboard/philanthropys-ability-to-advance-population-health/Sub-Folder.shtml,/foundationboard/philanthropys-ability-to-advance-population-health/Sub-Folder.shtml,foundationboard/philanthropysabilitytoadvancepopulationhealth.dcr,,Yes,Foundation Board Resources,,,
http://www.beta.com/foundationboard/philanthropys-ability-to-advance-population-health/TI-0718-dorrill.pdf,/foundationboard/philanthropys-ability-to-advance-population-health/TI-0718-dorrill.pdf,not found,1/1/18,Yes,Foundation Board Resources,,,
http://www.beta.com/foundationboard/Strategic Philanthropy Planning/25 Questions to Support Foundation,/foundationboard/Strategic Philanthropy Planning/25 Questions to Support Foundation,#N/A,1/1/18,No,Foundation Board Resources,,,
http://www.beta.com/foundationboard/Strategic Philanthropy Planning/Seven Ways To Improve Foundation,/foundationboard/Strategic Philanthropy Planning/Seven Ways To Improve Foundation,#N/A,1/1/18,No,Foundation Board Resources,,,
http://www.beta.com/foundationboard/Strategic Philanthropy Planning/Sub-Folder.shtml,/foundationboard/Strategic Philanthropy Planning/Sub-Folder.shtml,foundationboard/strategic-philanthropy-planning,,Yes,Foundation Board Resources,,,
http://www.beta.com/foundationboard/Strategic Philanthropy Planning/The Foundation Board Planning Journey.pdf,/foundationboard/Strategic Philanthropy Planning/The Foundation Board Planning Journey.pdf,not found,1/1/18,Yes,Foundation Board Resources,,,
http://www.beta.com/foundationboard/Strategic Philanthropy Planning/The Foundation Board's Role in Strategic Planning.pdf,/foundationboard/Strategic Philanthropy Planning/The Foundation Board's Role in Strategic Planning.pdf,not found,1/1/18,Yes,Foundation Board Resources,,,
http://www.beta.com/foundationboard/Strategic Project Selection/Fostering_Alignment.pdf,/foundationboard/Strategic Project Selection/Fostering_Alignment.pdf,not found,,Yes,Foundation Board Resources,,,
http://www.beta.com/foundationboard/Strategic Project Selection/Sub-Folder.shtml,/foundationboard/Strategic Project Selection/Sub-Folder.shtml,foundationboard/strategic-project-selection,,Yes,Foundation Board Resources,,,
http://www.beta.com/foundationboard/Systemization-Regionalization-Mergers/Preserving-a-Legacy.pdf,/foundationboard/Systemization-Regionalization-Mergers/Preserving-a-Legacy.pdf,not found,1/1/16,Yes,Foundation Board Resources,,,
http://www.beta.com/foundationboard/Systemization-Regionalization-Mergers/Regionalization.pdf,/foundationboard/Systemization-Regionalization-Mergers/Regionalization.pdf,not found,1/1/17,Yes,Foundation Board Resources,,,
http://www.beta.com/foundationboard/Systemization-Regionalization-Mergers/Sub-Folder.shtml,/foundationboard/Systemization-Regionalization-Mergers/Sub-Folder.shtml,foundationboard/systemization-regioanlization-mergers,,Yes,Foundation Board Resources,,,
http://www.beta.com/foundationboard/the-unique-influence.shtml,/foundationboard/the-unique-influence.shtml,foundationboard/the-unique-influence-of-foundation-and-governing-board-members-in-advancing-philanthropy,,Yes,Foundation Board Resources,,,
http://www.beta.com/foundationboard/who-gives-to-healthcare-organizations.shtml,/foundationboard/who-gives-to-healthcare-organizations.shtml,foundationboard/who-gives-to-healthcare-organizations,,Yes,Foundation Board Resources,,,
http://www.beta.com/GB/aligning-governance.pdf,/GB/aligning-governance.pdf,not found,1/1/14,Yes,Transforming Governance,,,
http://www.beta.com/GB/best-governance-practices.pdf,/GB/best-governance-practices.pdf,not found,,Yes,Transforming Governance,,,
http://www.beta.com/GB/board-development.pdf,/GB/board-development.pdf,not found,,Yes,Board Development,,,
http://www.beta.com/GB/board-down-sizing.pdf,/GB/board-down-sizing.pdf,not found,,Yes,Board Composition & Selection,,,
http://www.beta.com/GB/board-education.pdf,/GB/board-education.pdf,not found,1/1/15,Yes,Board Development,,,
http://www.beta.com/GB/board-portals.pdf,/GB/board-portals.pdf,not found,,Yes,Board Meetings,,,
http://www.beta.com/GB/board-practices.pdf,/GB/board-practices.pdf,not found,1/1/12,Yes,Board Development,,,
http://www.beta.com/GB/care-systems.pdf,/GB/care-systems.pdf,not found,1/1/13,Yes,Transforming Governance,,,
http://www.beta.com/GB/committee-effectiveness.pdf,/GB/committee-effectiveness.pdf,not found,1/1/13,Yes,Board Structure,,,
http://www.beta.com/GB/competency-based-criteria.pdf,/GB/competency-based-criteria.pdf,not found,,Yes,Board Composition & Selection,,,
http://www.beta.com/GB/conflict-manager.pdf,/GB/conflict-manager.pdf,not found,,Yes,Board Meetings,,,
http://www.beta.com/GB/effective-board-culture.pdf,/GB/effective-board-culture.pdf,not found,,Yes,Board Culture,,,
http://www.beta.com/GB/evolving-governance-models.pdf,/GB/evolving-governance-models.pdf,not found,,Yes,System Resources,,,
http://www.beta.com/GB/faq-board-committees.pdf,/GB/faq-board-committees.pdf,not found,,Yes,Board Structure,,,
http://www.beta.com/GB/governance-developing-systems.pdf,/GB/governance-developing-systems.pdf,not found,1/1/13,Yes,System Resources,,,
http://www.beta.com/GB/governance-staffing.pdf,/GB/governance-staffing.pdf,not found,,Yes,Board Structure,,,
http://www.beta.com/GB/guideforminimizingregulatoryrisk.pdf,/GB/guideforminimizingregulatoryrisk.pdf,not found,1/1/13,Yes,Executive Performance & Compensation,,,
http://www.beta.com/GB/nurses-boardroom.pdf,/GB/nurses-boardroom.pdf,not found,,Yes,Board Composition & Selection,,,
http://www.beta.com/GB/physician-impact-patient-satisfaction.pdf,/GB/physician-impact-patient-satisfaction.pdf,not found,,Yes,Physician Issues,,,
http://www.beta.com/GB/physician-integration-mercyhealth.pdf,/GB/physician-integration-mercyhealth.pdf,not found,,Yes,Board Structure,,,
http://www.beta.com/GB/post-merger-integration.pdf,/GB/post-merger-integration.pdf,not found,,Yes,Current & Emerging Payment Models,,,
http://www.beta.com/GB/provider-sponsored-health-plans.pdf,/GB/provider-sponsored-health-plans.pdf,not found,,Yes,Current & Emerging Payment Models,,,
http://www.beta.com/GB/reaching-stars.pdf,/GB/reaching-stars.pdf,not found,,Yes,Transforming Governance,,,
http://www.beta.com/GB/revisiting-the-mission.pdf,/GB/revisiting-the-mission.pdf,not found,,Yes,Mission/Vision/Strategy,,,
http://www.beta.com/GB/rules-board-engagement.pdf,/GB/rules-board-engagement.pdf,not found,,Yes,Board Development,,,
http://www.beta.com/GB/shared-governance.pdf,/GB/shared-governance.pdf,not found,,Yes,Transforming Governance,,,
http://www.beta.com/GB/strategic-governance-practices.pdf,/GB/strategic-governance-practices.pdf,not found,1/1/13,Yes,Transforming Governance,,,
http://www.beta.com/getinvolved/committeeongovernance.shtml,/getinvolved/committeeongovernance.shtml,getinvolved/committeeongovernance,1/4/19,Yes,,,,
http://www.beta.com/getinvolved/betainvolvementapplication.shtml,/getinvolved/betainvolvementapplication.shtml,getinvolved/betainvolvementapplication,1/5/19,Yes,,,,
http://www.beta.com/healthit/articles/artificial-intelligence-glaser.shtml,/healthit/articles/artificial-intelligence-glaser.shtml,health-it/articles/artificial-intelligence-glaser.dcr,7/1/18,Yes,Health Information Technology (HIT),,,
http://www.beta.com/healthit/articles/understanding-the-true-cost-of-clinical-technology.shtml,/healthit/articles/understanding-the-true-cost-of-clinical-technology.shtml,health-it/articles/understanding-the-true-cost-of-clinical-technology.dcr,11/1/18,Yes,Health Information Technology (HIT),,,
http://www.beta.com/healthit/center-voices-3-14.pdf,/healthit/center-voices-3-14.pdf,not found,1/1/14,Yes,Health Information Technology (HIT),,,
http://www.beta.com/healthit/center-voices-7-15.pdf,/healthit/center-voices-7-15.pdf,not found,1/1/15,Yes,Health Information Technology (HIT),,,
http://www.beta.com/healthit/cybersecurity-and-hospital-a-board-perspective.pdf,/healthit/cybersecurity-and-hospital-a-board-perspective.pdf,not found,1/1/17,Yes,Cybersecurity,,,
http://www.beta.com/healthit/email-beta-quarterly-telehealth.pdf,/healthit/email-beta-quarterly-telehealth.pdf,not found,1/1/17,Yes,Health Information Technology (HIT),,,
http://www.beta.com/healthit/interoperability.pdf,/healthit/interoperability.pdf,not found,1/1/17,Yes,Health Information Technology (HIT),,,
http://www.beta.com/macra/MACRA_www.pdf,/macra/MACRA_www.pdf,not found,1/1/17,Yes,PFS/MACRA/QPP,,,
http://www.beta.com/mentorfeedback/Quarterly-Mentor-Feedback-Form.pdf,/mentorfeedback/Quarterly-Mentor-Feedback-Form.pdf,not found,1/1/16,Yes,Beta Tools,Beta Tools,,
http://www.beta.com/missionvision/13-value-of-governance.pdf,/missionvision/13-value-of-governance.pdf,not found,1/1/13,Yes,Transforming Governance,,,
http://www.beta.com/missionvision/BetaInsights_MissionVision_Graphic.pdf,/missionvision/BetaInsights_MissionVision_Graphic.pdf,not found,1/1/17,Yes,Mission/Vision/Strategy,,,
http://www.beta.com/missionvision/archive/09-strategic-planning.pdf,/missionvision/archive/09-strategic-planning.pdf,not found,1/1/09,Yes,Mission/Vision/Strategy,,,
http://www.beta.com/missionvision/archive/board-checklist.pdf,/missionvision/archive/board-checklist.pdf,not found,,Yes,Fiduciary Duties,,,
http://www.beta.com/missionvision/archive/CenterVoices2009-07.pdf,/missionvision/archive/CenterVoices2009-07.pdf,not found,1/1/09,Yes,Mission/Vision/Strategy,,,
http://www.beta.com/missionvision/archive/Evaluating_New_Strategic_Projects.PDF,/missionvision/archive/Evaluating_New_Strategic_Projects.PDF,not found,,Yes,Mission/Vision/Strategy,,,
http://www.beta.com/missionvision/archive/spring2004_gb_best_practices_strategic_planning.pdf,/missionvision/archive/spring2004_gb_best_practices_strategic_planning.pdf,not found,1/1/16,Yes,Mission/Vision/Strategy,,,
http://www.beta.com/missionvision/archive/strategic_planning_chart.pdf,/missionvision/archive/strategic_planning_chart.pdf,not found,,Yes,Mission/Vision/Strategy,,,
http://www.beta.com/missionvision/Best_practices_dashboards.PDF,/missionvision/Best_practices_dashboards.PDF,not found,1/1/16,Yes,Mission/Vision/Strategy,,,
http://www.beta.com/missionvision/center-voices-11-13.pdf,/missionvision/center-voices-11-13.pdf,not found,1/1/13,Yes,Mission/Vision/Strategy,,,
http://www.beta.com/missionvision/health-hope-and-healing-for-all.pdf,/missionvision/health-hope-and-healing-for-all.pdf,not found,1/1/17,Yes,Mission/Vision/Strategy,,,
http://www.beta.com/missionvision/HED-Is-Strategic-Planning-Getting-Adequate-Attention-in-Hospital-Boards.pdf,/missionvision/HED-Is-Strategic-Planning-Getting-Adequate-Attention-in-Hospital-Boards.pdf,not found,1/1/18,Yes,Mission/Vision/Strategy,,,
http://www.beta.com/missionvision/sample-strategic-planning-policy.pdf,/missionvision/sample-strategic-planning-policy.pdf,not found,1/1/16,Yes,Mission/Vision/Strategy,,,
http://www.beta.com/missionvision/Workbook2012-04.pdf,/missionvision/Workbook2012-04.pdf,not found,1/1/12,Yes,Mission/Vision/Strategy,,,
http://www.beta.com/newdeliverymodels/archive/eval-super-cin-opp.pdf,/newdeliverymodels/archive/eval-super-cin-opp.pdf,not found,1/1/14,Yes,Current & Emerging Payment Models,,,
http://www.beta.com/newdeliverymodels/articles/building-an-age-friendly-health-care-system.shtml,/newdeliverymodels/articles/building-an-age-friendly-health-care-system.shtml,newdeliverymodels/articles/building-an-age-friendly-health-care-system.dcr,9/1/18,Yes,Current & Emerging Payment Models,,,
http://www.beta.com/newdeliverymodels/center-voices-10-14.pdf,/newdeliverymodels/center-voices-10-14.pdf,not found,1/1/14,Yes,Current & Emerging Payment Models,,,
http://www.beta.com/newdeliverymodels/Regulatory Overload 2018.pdf,/newdeliverymodels/Regulatory Overload 2018.pdf,not found,1/1/18,Yes,Current & Emerging Payment Models,,,
http://www.beta.com/performanceimprovement/articles/accelerating-progress-through-leadership-integration.shtml,/performanceimprovement/articles/accelerating-progress-through-leadership-integration.shtml,performanceimprovement/arrticles/accelerating-progress-through-leadership-integration.dcr,11/1/18,Yes,Performance Improvement,,,
http://www.beta.com/performanceimprovement/articles/empowering-a-healthy-culture-blouin.shtml,/performanceimprovement/articles/empowering-a-healthy-culture-blouin.shtml,performanceimprovement/arrticles/empowering-a-healthy-culture-blouin.dcr,11/1/18,Yes,Performance Improvement,,,
http://www.beta.com/performanceimprovement/articles/getting-strategic-about-shared-decision-making.shtml,/performanceimprovement/articles/getting-strategic-about-shared-decision-making.shtml,performanceimprovement/arrticles/getting-strategic-about-shared-decision-making.dcr,12/1/18,Yes,Performance Improvement,,,
http://www.beta.com/performanceimprovement/articles/intermountain-healthcare-embraces-transformation.shtml,/performanceimprovement/articles/intermountain-healthcare-embraces-transformation.shtml,performanceimprovement/arrticles/intermountain-healthcare-embraces-transformation.dcr,11/1/18,Yes,Performance Improvement,,,
http://www.beta.com/physicianissues/14-physician-leadership.pdf,/physicianissues/14-physician-leadership.pdf,not found,1/1/14,Yes,Physician Issues,,,
http://www.beta.com/physicianissues/15-BRP-Governance-of-Physician-Organizations.pdf,/physicianissues/15-BRP-Governance-of-Physician-Organizations.pdf,not found,1/1/15,Yes,Physician Issues,,,
http://www.beta.com/physicianissues/15-physician-relationship-continuum.pdf,/physicianissues/15-physician-relationship-continuum.pdf,not found,1/1/15,Yes,Physician Issues,,,
http://www.beta.com/physicianissues/archive/center-voices-7-14.pdf,/physicianissues/archive/center-voices-7-14.pdf,not found,1/1/14,Yes,Physician Issues,,,
http://www.beta.com/physicianissues/archive/GB-2007-Winter-Physician-Compensation-reprint.pdf,/physicianissues/archive/GB-2007-Winter-Physician-Compensation-reprint.pdf,not found,1/1/07,Yes,Physician Issues,,,
http://www.beta.com/physicianissues/archive/physician-compact.pdf,/physicianissues/archive/physician-compact.pdf,not found,,Yes,Physician Issues,,,
http://www.beta.com/physicianissues/center-voices-10-12.pdf,/physicianissues/center-voices-10-12.pdf,not found,1/1/12,Yes,Physician Issues,,,
http://www.beta.com/physicianissues/center-voices-2-13.pdf,/physicianissues/center-voices-2-13.pdf,not found,1/1/13,Yes,Physician Issues,,,
http://www.beta.com/physicianissues/center-voices-4-16.pdf,/physicianissues/center-voices-4-16.pdf,not found,1/1/16,Yes,Physician Issues,,,
http://www.beta.com/physicianissues/datasmotivatingpower.pdf,/physicianissues/datasmotivatingpower.pdf,not found,1/1/17,Yes,Physician Issues,,,
http://www.beta.com/physicianissues/GI13_3.pdf,/physicianissues/GI13_3.pdf,not found,1/1/13,Yes,Physician Issues,,,
http://www.beta.com/physicianissues/GI15_1.pdf,/physicianissues/GI15_1.pdf,not found,1/1/15,Yes,Physician Issues,,,
http://www.beta.com/physicianissues/GI15_2.pdf,/physicianissues/GI15_2.pdf,not found,1/1/15,Yes,Current & Emerging Payment Models,,,
http://www.beta.com/physicianissues/GI15_3.pdf,/physicianissues/GI15_3.pdf,not found,1/1/15,Yes,Physician Issues,,,
http://www.beta.com/physicianissues/Workbook2014-04.pdf,/physicianissues/Workbook2014-04.pdf,not found,1/1/14,Yes,Physician Issues,,,
http://www.beta.com/policies/2018 Sample Board Composition Policy.pdf,/policies/2018 Sample Board Composition Policy.pdf,not found,,Yes,Board Composition & Selection,,,
http://www.beta.com/policies/Best_practices_policy_manual.PDF,/policies/Best_practices_policy_manual.PDF,not found,1/1/16,Yes,Beta Tools,Beta Tools,,
http://www.beta.com/policies/Policy_on_Board_Composition.PDF,/policies/Policy_on_Board_Composition.PDF,not found,1/1/16,Yes,Beta Tools,Beta Tools,,
http://www.beta.com/policies/Policy_on_Consent_Agenda.pdf,/policies/Policy_on_Consent_Agenda.pdf,not found,1/1/16,Yes,Beta Tools,Beta Tools,,
http://www.beta.com/policies/Policy_on_Consent_Agenda.pdf,/policies/Policy_on_Consent_Agenda.pdf,not found,1/1/16,Yes,Board Meetings,,,
http://www.beta.com/policies/Policy_on_Policy_vs_Operations.pdf,/policies/Policy_on_Policy_vs_Operations.pdf,not found,1/1/16,Yes,Beta Tools,Beta Tools,,
http://www.beta.com/populationhealth/14-empowering-board-members.pdf,/populationhealth/14-empowering-board-members.pdf,not found,1/1/14,Yes,Population/Community Health,,,
http://www.beta.com/populationhealth/16-BRP-Learnings-on-Governance.pdf,/populationhealth/16-BRP-Learnings-on-Governance.pdf,not found,1/1/16,Yes,Population/Community Health,,,
http://www.beta.com/populationhealth/16-BRP-Partnership-Profiles.pdf,/populationhealth/16-BRP-Partnership-Profiles.pdf,not found,1/1/16,Yes,Population/Community Health,,,
http://www.beta.com/populationhealth/16-leadership-role.pdf,/populationhealth/16-leadership-role.pdf,not found,1/1/16,Yes,Population/Community Health,,,
http://www.beta.com/populationhealth/center-voices-1-15.pdf,/populationhealth/center-voices-1-15.pdf,not found,1/1/15,Yes,Population/Community Health,,,
http://www.beta.com/populationhealth/center-voices-4-14.pdf,/populationhealth/center-voices-4-14.pdf,not found,1/1/14,Yes,Current & Emerging Payment Models,,,
http://www.beta.com/populationhealth/email-beta-quarterly-population-health.pdf,/populationhealth/email-beta-quarterly-population-health.pdf,not found,1/1/17,Yes,Population/Community Health,,,
http://www.beta.com/populationhealth/gearing-for-population-health.shtml,/populationhealth/gearing-for-population-health.shtml,populationhealth/gearing-for-population-health,1/1/15,Yes,Population/Community Health,,,
http://www.beta.com/populationhealth/pop-health-management-I.shtml,/populationhealth/pop-health-management-I.shtml,populationhealth/pop-health-management-I,1/1/15,Yes,Population/Community Health,,,
http://www.beta.com/populationhealth/pop-health-management-II.shtml,/populationhealth/pop-health-management-II.shtml,populationhealth/pop-health-management-II,1/1/15,Yes,Population/Community Health,,,
http://www.beta.com/populationhealth/Purchaser-Pressure-The-Emerging-Role-of-Employers.pdf,/populationhealth/Purchaser-Pressure-The-Emerging-Role-of-Employers.pdf,not found,1/1/18,Yes,Population/Community Health,,,
http://www.beta.com/populationhealth/taskforcevulncomm-discussionguide.pdf,/populationhealth/taskforcevulncomm-discussionguide.pdf,not found,1/1/16,Yes,Population/Community Health,,,
http://www.beta.com/populationhealth/Beta Workbook 3.pdf,/populationhealth/Beta Workbook 3.pdf,not found,1/1/17,Yes,Population/Community Health,,,
http://www.beta.com/populationhealth/web-rec/accountable-care-overview.shtml,/populationhealth/web-rec/accountable-care-overview.shtml,populationhealth/accountable-care-overview,1/1/15,Yes,Current & Emerging Payment Models,,,
http://www.beta.com/populationhealth/web-rec/provider-sponsored-health-plans.shtml,/populationhealth/web-rec/provider-sponsored-health-plans.shtml,populationhealth/provider-sponsored-health-plans,,Yes,Current & Emerging Payment Models,,,
http://www.beta.com/populationhealth/web-rec/provider-sponsored-risk-I.shtml,/populationhealth/web-rec/provider-sponsored-risk-I.shtml,populationhealth/provider-sponsored-risk-I,,Yes,Population/Community Health,,,
http://www.beta.com/populationhealth/web-rec/provider-sponsored-risk-II.shtml,/populationhealth/web-rec/provider-sponsored-risk-II.shtml,populationhealth/provider-sponsored-risk-II,,Yes,Population/Community Health,,,
http://www.beta.com/populationhealth/web-rec/super-cin-development.shtml,/populationhealth/web-rec/super-cin-development.shtml,populationhealth/super-cin-development,1/1/15,Yes,Current & Emerging Payment Models,,,
http://www.beta.com/populationhealth/web-rec/value-based-care-overview.shtml,/populationhealth/web-rec/value-based-care-overview.shtml,populationhealth/value-based-care-overview,1/1/15,Yes,Population/Community Health,,,
http://www.beta.com/populationhealth/Workbook2014-07.pdf,/populationhealth/Workbook2014-07.pdf,not found,1/1/14,Yes,Population/Community Health,,,
http://www.beta.com/positiondescrip/archive/sample-position-profile.pdf,/positiondescrip/archive/sample-position-profile.pdf,not found,1/1/04,Yes,Beta Tools,Beta Tools,,
http://www.beta.com/positiondescrip/PositionDescripHCBoard.pdf,/positiondescrip/PositionDescripHCBoard.pdf,not found,1/1/16,Yes,Beta Tools,Beta Tools,,
http://www.beta.com/positiondescrip/PositionDescriptionBoardChairperson.pdf,/positiondescrip/PositionDescriptionBoardChairperson.pdf,not found,1/1/16,Yes,Beta Tools,Beta Tools,,
http://www.beta.com/positiondescrip/PositionDescriptionChairElect.pdf,/positiondescrip/PositionDescriptionChairElect.pdf,not found,1/1/16,Yes,Beta Tools,Beta Tools,,
http://www.beta.com/quality/12-transforming-care-delivery.pdf,/quality/12-transforming-care-delivery.pdf,not found,1/1/12,Yes,Quality Oversight,,,
http://www.beta.com/quality/2018 Beta Guide - Discussion Guide.pdf,/quality/2018 Beta Guide - Discussion Guide.pdf,not found,,Yes,Quality Oversight,,,
http://www.beta.com/quality/2018 Beta Guide-Self Assessment.pdf,/quality/2018 Beta Guide-Self Assessment.pdf,not found,,Yes,Quality Oversight,,,
http://www.beta.com/quality/2018-beta-guide.shtml,/quality/2018-beta-guide.shtml,quality/2018-beta-guide,1/1/18,Yes,Quality Oversight,,,
http://www.beta.com/quality/archive/center-voices-4-10.pdf,/quality/archive/center-voices-4-10.pdf,not found,1/1/10,Yes,Physician Issues,,,
http://www.beta.com/quality/archive/GI09_3.pdf,/quality/archive/GI09_3.pdf,not found,1/1/09,Yes,Quality Oversight,,,
http://www.beta.com/quality/archive/Workbook2010-11.pdf,/quality/archive/Workbook2010-11.pdf,not found,1/1/10,Yes,Quality Oversight,,,
http://www.beta.com/quality/committees-generative-governance.pdf,/quality/committees-generative-governance.pdf,not found,,Yes,Board Structure,,,
http://www.beta.com/quality/Quality_Committee.pdf,/quality/Quality_Committee.pdf,not found,,Yes,Board Structure,,,
http://www.beta.com/quality/quality_dashboards.pdf,/quality/quality_dashboards.pdf,not found,1/1/04,Yes,Quality Oversight,,,
http://www.beta.com/quality/the-boards-role-in-medical-staff-credentialing.shtml,/quality/the-boards-role-in-medical-staff-credentialing.shtml,quality/the-role-of-the-board-in-medical-staff-credentialing,1/1/17,Yes,Quality Oversight,,,
http://www.beta.com/quality/Workbook2013-11.pdf,/quality/Workbook2013-11.pdf,not found,1/1/13,Yes,Quality Oversight,,,
http://www.beta.com/qualitysafety/accreditation-what-boards-need-to-know.pdf,/qualitysafety/accreditation-what-boards-need-to-know.pdf,not found,1/1/17,Yes,Quality Oversight,,,
http://www.beta.com/qualitysafety/archive/Great-Boards-reprint-Quality-Measures-Spring-2010.pdf,/qualitysafety/archive/Great-Boards-reprint-Quality-Measures-Spring-2010.pdf,not found,1/1/10,Yes,Quality Oversight,,,
http://www.beta.com/qualitysafety/articles/governance-leadership-of-quality.shtml,/qualitysafety/articles/governance-leadership-of-quality.shtml,qualitysafety/articles/government-leadership-of-quality.dcr,7/1/18,Yes,Quality Oversight,,,
http://www.beta.com/qualitysafety/email-beta-quarterly-scorecards.pdf,/qualitysafety/email-beta-quarterly-scorecards.pdf,not found,1/1/17,Yes,Quality Oversight,,,
http://www.beta.com/resources/good-governance-practices/board-and-director-evaluation,/resources/good-governance-practices/board-and-director-evaluation,#N/A,,No,Board Evaluation,,,
http://www.beta.com/resources/good-governance-practices/board-composition-selection,/resources/good-governance-practices/board-composition-selection,#N/A,,No,Board Composition & Selection,,,
http://www.beta.com/resources/good-governance-practices/board-culture,/resources/good-governance-practices/board-culture,#N/A,,No,Board Culture,,,
http://www.beta.com/resources/good-governance-practices/board-development,/resources/good-governance-practices/board-development,#N/A,,No,Board Development,,,
http://www.beta.com/resources/good-governance-practices/board-infrastructure,/resources/good-governance-practices/board-infrastructure,#N/A,,No,Board Infrastructure,,,
http://www.beta.com/resources/good-governance-practices/board-meetings,/resources/good-governance-practices/board-meetings,#N/A,,No,Board Meetings,,,
http://www.beta.com/resources/good-governance-practices/board-orientation,/resources/good-governance-practices/board-orientation,#N/A,,No,Board Orientation,,,
http://www.beta.com/resources/good-governance-practices/board-structure,/resources/good-governance-practices/board-structure,#N/A,,No,Board Structure,,,
http://www.beta.com/resources/good-governance-practices/exec-performance-compensation,/resources/good-governance-practices/exec-performance-compensation,#N/A,1/1/17,No,Fiduciary Duties,,,
http://www.beta.com/resources/good-governance-practices/exec-performance-compensation,/resources/good-governance-practices/exec-performance-compensation,#N/A,,No,Executive Performance & Compensation,,,
http://www.beta.com/resources/good-governance-practices/fiduciary-duties,/resources/good-governance-practices/fiduciary-duties,#N/A,,No,Fiduciary Duties,,,
http://www.beta.com/resources/good-governance-practices/financial-oversight,/resources/good-governance-practices/financial-oversight,#N/A,,No,Financial Oversight,,,
http://www.beta.com/resources/good-governance-practices/foundation-board-resources,/resources/good-governance-practices/foundation-board-resources,#N/A,,No,Foundation Board Resources,,,
http://www.beta.com/resources/good-governance-practices/health-information-technology,/resources/good-governance-practices/health-information-technology,#N/A,,No,Health Information Technology (HIT),,,
http://www.beta.com/resources/good-governance-practices/missionvisionstrategies-oversight,/resources/good-governance-practices/missionvisionstrategies-oversight,#N/A,,No,Mission/Vision/Strategy,,,
http://www.beta.com/resources/good-governance-practices/physician-issues,/resources/good-governance-practices/physician-issues,#N/A,,No,Physician Issues,,,
http://www.beta.com/resources/good-governance-practices/quality-patient-safety,/resources/good-governance-practices/quality-patient-safety,#N/A,,No,Quality Oversight,,,
http://www.beta.com/resources/good-governance-practices/system-board-resources,/resources/good-governance-practices/system-board-resources,#N/A,,No,System Resources,,,
http://www.beta.com/resources/good-governance-practices/transforming-governance,/resources/good-governance-practices/transforming-governance,#N/A,,No,Transforming Governance,,,
http://www.beta.com/resources/issues-trends/community-benefittax-exemption,/resources/issues-trends/community-benefittax-exemption,#N/A,,No,Community Benefit,,,
http://www.beta.com/resources/issues-trends/environmental-trends-assessments,/resources/issues-trends/environmental-trends-assessments,#N/A,,No,Environmental Trends,,,
http://www.beta.com/resources/issues-trends/equity-of-care,/resources/issues-trends/equity-of-care,#N/A,,No,Disparities; Equity of Care,,,
http://www.beta.com/resources/issues-trends/innovation,/resources/issues-trends/innovation,#N/A,,No,Innovation,,,
http://www.beta.com/resources/issues-trends/macra,/resources/issues-trends/macra,#N/A,,No,PFS/MACRA/QPP,,,
http://www.beta.com/resources/issues-trends/new-delivery-models,/resources/issues-trends/new-delivery-models,#N/A,,No,Current & Emerging Payment Models,,,
http://www.beta.com/resources/issues-trends/population-health,/resources/issues-trends/population-health,#N/A,,No,Population/Community Health,,,
http://www.beta.com/resources/issues-trends/workforce,/resources/issues-trends/workforce,#N/A,,No,Workforce,,,
http://www.beta.com/sampleagendas/beta-toolkit-board-quality.pdf,/sampleagendas/beta-toolkit-board-quality.pdf,not found,1/1/17,Yes,Beta Tools,Beta Tools,,
http://www.beta.com/systemresources/13-evolving-accountability.pdf,/systemresources/13-evolving-accountability.pdf,not found,1/1/13,Yes,System Resources,,,
http://www.beta.com/systemresources/15-effective-governance-systems.pdf,/systemresources/15-effective-governance-systems.pdf,not found,1/1/15,Yes,System Resources,,,
http://www.beta.com/systemresources/archive/2009-prybil-report.pdf,/systemresources/archive/2009-prybil-report.pdf,not found,1/1/09,Yes,System Resources,,,
http://www.beta.com/systemresources/archive/Governance in Large Nonprofit Health Systems.pdf,/systemresources/archive/Governance in Large Nonprofit Health Systems.pdf,not found,1/1/12,Yes,System Resources,,,
http://www.beta.com/systemresources/archive/Trus_Workbook_April06.pdf,/systemresources/archive/Trus_Workbook_April06.pdf,not found,1/1/06,Yes,System Resources,,,
http://www.beta.com/systemresources/system-parent-subsidiary-charter.pdf,/systemresources/system-parent-subsidiary-charter.pdf,not found,1/1/05,Yes,System Resources,,,
http://www.beta.com/systemresources/beta-workbooks/2016/Workbook2016-04.pdf,/systemresources/beta-workbooks/2016/Workbook2016-04.pdf,not found,1/1/16,Yes,System Resources,,,
http://www.beta.com/tellingthestory/14-consumer-centric-ecosystem.pdf,/tellingthestory/14-consumer-centric-ecosystem.pdf,not found,1/1/14,Yes,Current & Emerging Payment Models,,,
http://www.beta.com/tellingthestory/center-voices-5-10.pdf,/tellingthestory/center-voices-5-10.pdf,not found,1/1/10,Yes,Community Benefit,,,
http://www.beta.com/tellingthestory/the-beta-role-in-advocacy.pdf,/tellingthestory/the-beta-role-in-advocacy.pdf,not found,1/1/17,Yes,Community Benefit,,,
http://www.beta.com/tellingthestory/Workbook2011-07.pdf,/tellingthestory/Workbook2011-07.pdf,not found,1/1/11,Yes,Community Benefit,,,
http://www.beta.com/transforminggovernance/12-brp-governance-practices.pdf,/transforminggovernance/12-brp-governance-practices.pdf,not found,1/1/12,Yes,Transforming Governance,,,
http://www.beta.com/transforminggovernance/articles/applying-lean-principles-to-board-work.shtml,/transforminggovernance/articles/applying-lean-principles-to-board-work.shtml,transforminggovernance/articles/applying-lean-principles-to-board-work,10/1/18,Yes,Transforming Governance,,,
http://www.beta.com/transforminggovernance/articles/standard-work-for-governance-example-figure-2.shtml,/transforminggovernance/articles/standard-work-for-governance-example-figure-2.shtml,transforminggovernance/articles/standard-work-for-governance-example-figure-2,10/1/18,Yes,Transforming Governance,,,
http://www.beta.com/transforminggovernance/articles/standard-work-for-governance-example-figure-2.shtml,/transforminggovernance/articles/standard-work-for-governance-example-figure-2.shtml,transforminggovernance/articles/standard-work-for-governance-example-figure-2,10/1/18,Yes,Transforming Governance,,,
http://www.beta.com/transforminggovernance/articles/the-role-of-the-board-in-creating-value-chart-figure-1.shtml,/transforminggovernance/articles/the-role-of-the-board-in-creating-value-chart-figure-1.shtml,transforminggovernance/articles/the-role-of-the-board-in-creating-value-chart-figure-1,10/1/18,Yes,Transforming Governance,,,
http://www.beta.com/transforminggovernance/articles/the-role-of-the-board-in-creating-value-chart-figure-1.shtml,/transforminggovernance/articles/the-role-of-the-board-in-creating-value-chart-figure-1.shtml,transforminggovernance/articles/the-role-of-the-board-in-creating-value-chart-figure-1,10/1/18,Yes,Transforming Governance,,,
http://www.beta.com/transforminggovernance/articles/time-for-a-new-model-of-governance-webinar-orlikoff.shtml,/transforminggovernance/articles/time-for-a-new-model-of-governance-webinar-orlikoff.shtml,transforminggovernance/articles/time-for-a-new-model-of-governance-webinar-orlikoff,11/1/18,Yes,Transforming Governance,,,
http://www.beta.com/transforminggovernance/articles/time-for-a-new-model-of-governance.shtml,/transforminggovernance/articles/time-for-a-new-model-of-governance.shtml,transforminggovernance/articles/TI-0718-Orlikoff.dcr,1/1/18,Yes,Transforming Governance,,,
http://www.beta.com/transforminggovernance/Best_practices_top_ten_list.pdf,/transforminggovernance/Best_practices_top_ten_list.pdf,not found,1/1/16,Yes,Transforming Governance,,,
http://www.beta.com/transforminggovernance/communityreliance.pdf,/transforminggovernance/communityreliance.pdf,not found,1/1/17,Yes,Transforming Governance,,,
http://www.beta.com/transforminggovernance/communityreliance.pdf,/transforminggovernance/communityreliance.pdf,not found,1/1/17,Yes,Board Structure,,,
http://www.beta.com/transforminggovernance/Current High-Performing Governance Practices.pdf,/transforminggovernance/Current High-Performing Governance Practices.pdf,not found,1/1/14,Yes,Transforming Governance,,,
http://www.beta.com/transforminggovernance/email-beta-quarterly-baldrige.pdf,/transforminggovernance/email-beta-quarterly-baldrige.pdf,not found,1/1/17,Yes,Transforming Governance,,,
http://www.beta.com/transforminggovernance/Mt. Sinai Board - External Affairs Committee 2018.pdf,/transforminggovernance/Mt. Sinai Board - External Affairs Committee 2018.pdf,not found,1/1/18,Yes,Transforming Governance,,,
http://www.beta.com/transforminggovernance/ThoughtLeaderForumReport2016.pdf,/transforminggovernance/ThoughtLeaderForumReport2016.pdf,not found,1/1/16,Yes,Transforming Governance,,,
http://www.beta.com/transforminggovernance/Triple Aim 2018.pdf,/transforminggovernance/Triple Aim 2018.pdf,not found,1/1/18,Yes,Transforming Governance,,,
http://www.beta.com/transforminggovernance/Beta Workbook 4.pdf,/transforminggovernance/Beta Workbook 4.pdf,not found,1/1/17,Yes,Transforming Governance,,,
http://www.beta.com/transforminggovernance/Workbook2012-11.pdf,/transforminggovernance/Workbook2012-11.pdf,not found,1/1/12,Yes,Transforming Governance,,,
http://www.beta.com/update/17spring-insights.shtml,/update/17spring-insights.shtml,update/17spring,,Yes,,,,
http://www.beta.com/update/insights-archive.shtml,/update/insights-archive.shtml,update/insights-archive,,Yes,,,,
http://www.beta.com/update/pdf/beta-insights-editorial-guidelines.pdf,/update/pdf/beta-insights-editorial-guidelines.pdf,not found,,Yes,,,,
http://www.beta.com/update/trendingtopics.shtml,/update/trendingtopics.shtml,update/trendingtopics,,Yes,,,,
http://www.beta.com/Workforce/Workforce 2018.pdf,/Workforce/Workforce 2018.pdf,not found,,Yes,Workforce,,,